{"num_states": 3, "num_actions": 2, "num_obs": 5, "transition_multiplier": 0, "observation_multiplier": 10, "state_action_transition_matrix": [[[0.3326600734470282, 0.2396977961314829, 0.42764213042148885], [0.002252471358682509, 0.2814405881056446, 0.7163069405356729]], [[0.19784527854758835, 0.4259003042563512, 0.37625441719606034], [0.445563970483618, 0.41720375433811796, 0.13723227517826406]], [[0.4826873457645853, 0.06915502756165319, 0.4481576266737615], [0.19418608092745732, 0.07444014686421437, 0.7313737722083283]]], "state_action_observation_matrix": [[[0.06236065231468621, 0.039129698797506704, 0.06594279555615898, 0.04366306989993378, 0.7889037834317143], [0.054613244720113724, 0.0336778049572247, 0.05142043092796503, 0.8518226815430562, 0.00846583785164035]], [[0.3499920842544412, 0.2748725491288765, 0.2462301065675538, 0.11932081666429191, 0.009584443384836498], [0.8327112595582727, 0.07498253285852605, 0.021807956333785808, 0.050028580052700576, 0.020469671196714865]], [[0.01484337541407874, 0.03314035557169119, 0.8435193649058779, 0.04091945603741574, 0.06757744807093656], [0.013708819854435998, 0.8800447101081635, 0.024150274929556233, 0.01863387154029112, 0.06346232356755313]]], "possible_rewards": [0.75, 1.0, 0.0, 0.25, 0.5]}