{"num_selected_arms": 10, "selected_arms": [0, 1, 2, 3, 4, 5, 6, 7, 8, 9], "result": [[[20000.0, 2.5306952009898462], [21000.0, 2.578820991353204], [22000.0, 2.461148545381066], [23000.0, 2.5356360687568293], [24000.0, 2.336217478438094], [25000.0, 2.292343777419925], [26000.0, 2.3016588626078462], [27000.0, 2.1728316440281374], [28000.0, 2.14876297103532], [29000.0, 2.1649417528902153], [30000.0, 2.242294275198396], [31000.0, 2.1599925197632364], [32000.0, 2.1235177966950887], [33000.0, 2.0514799501994903], [34000.0, 2.0095456547757853], [35000.0, 2.010157080247298], [36000.0, 1.9934099495048803], [37000.0, 1.996904721695501], [38000.0, 1.962909499295506], [39000.0, 1.942154504283133], [40000.0, 1.9365202379940725], [41000.0, 1.8827772579233777], [42000.0, 1.84062124242628], [43000.0, 1.8930068450101594], [44000.0, 1.8403650880451756], [45000.0, 1.7848159099840921], [46000.0, 1.7590666804902828], [47000.0, 1.7578283718319794], [48000.0, 1.671952444787096], [49000.0, 1.6145864051991168], [50000.0, 1.6033649692378316], [51000.0, 1.6160689103701333], [52000.0, 1.560203330111161], [53000.0, 1.5086811485424048], [54000.0, 1.465482580849051], [55000.0, 1.4368870826340663], [56000.0, 1.3862308384821809], [57000.0, 1.3800118308038578], [58000.0, 1.374502636600784], [59000.0, 1.2990950635274943], [60000.0, 1.2920287338374807], [61000.0, 1.251567064303306], [62000.0, 1.2527251372082397], [63000.0, 1.181452315208998], [64000.0, 1.1771720863318453], [65000.0, 1.1556527723074113], [66000.0, 1.1261036150974453], [67000.0, 1.111409892147274], [68000.0, 1.1212167274244023], [69000.0, 1.1564391384959423], [70000.0, 1.145381593551574]], [[20000.0, 2.318294827883771], [21000.0, 2.2140561406256563], [22000.0, 2.116990646937302], [23000.0, 2.220209279879381], [24000.0, 2.1475173350583177], [25000.0, 2.058172890830339], [26000.0, 1.907577435063354], [27000.0, 1.8959890152070868], [28000.0, 1.850241929303975], [29000.0, 1.840507955410621], [30000.0, 1.7958052500272619], [31000.0, 1.7477165492199007], [32000.0, 1.731901565258074], [33000.0, 1.8297487553922451], [34000.0, 1.7795189934636522], [35000.0, 1.7707353298939699], [36000.0, 1.7927541085997567], [37000.0, 1.7770422743084326], [38000.0, 1.7185148369593095], [39000.0, 1.730223284135058], [40000.0, 1.7127607970504144], [41000.0, 1.6813896897954783], [42000.0, 1.6929090257445396], [43000.0, 1.712457367274801], [44000.0, 1.682865973937834], [45000.0, 1.6327236982932882], [46000.0, 1.5982612564017793], [47000.0, 1.5746554703885274], [48000.0, 1.5944975400617512], [49000.0, 1.5507912020959755], [50000.0, 1.5178964434066151], [51000.0, 1.5225713399585288], [52000.0, 1.5132562185923095], [53000.0, 1.4787936738250966], [54000.0, 1.477641439223292], [55000.0, 1.4338512805820751], [56000.0, 1.4159186611464947], [57000.0, 1.4077117807831796], [58000.0, 1.4228173783605134], [59000.0, 1.4020790234817615], [60000.0, 1.3522361565712546], [61000.0, 1.3504646205385908], [62000.0, 1.2649676028518253], [63000.0, 1.2834084163275454], [64000.0, 1.2856768153912475], [65000.0, 1.250467919872907], [66000.0, 1.2415033343627138], [67000.0, 1.2314170179970754], [68000.0, 1.231639496513116], [69000.0, 1.2310189979263098], [70000.0, 1.2115266414899684]]]}