{"num_selected_arms": 2, "selected_arms": [0, 7], "complexity_value": 27.44030221647191, "min_min_singular_value": 0.37688529635582313, "result": [[[20000.0, 2.094466359046371], [21000.0, 1.9393080072381987], [22000.0, 1.8958011761673108], [23000.0, 1.8276718487589374], [24000.0, 1.718306399428533], [25000.0, 1.6746456021190297], [26000.0, 1.5953191808341232], [27000.0, 1.5093968748241053], [28000.0, 1.4498120800511511], [29000.0, 1.3541669018053104], [30000.0, 1.2987363130056981], [31000.0, 1.2845279966045189], [32000.0, 1.3200928927460456], [33000.0, 1.3021413412263898], [34000.0, 1.2846518819373152], [35000.0, 1.269901251565359], [36000.0, 1.2214171714562208], [37000.0, 1.2586387811261623], [38000.0, 1.2553283770890025], [39000.0, 1.278440999299962], [40000.0, 1.2997716908353842], [41000.0, 1.2665245584242675], [42000.0, 1.2166748729558683], [43000.0, 1.3180003772987168], [44000.0, 1.332537669137858], [45000.0, 1.3274096452241932], [46000.0, 1.3154578243565178], [47000.0, 1.2967196478803098], [48000.0, 1.2718459108593898], [49000.0, 1.2726173394321096], [50000.0, 1.2646471931735324], [51000.0, 1.2629512310093634], [52000.0, 1.274391010224377], [53000.0, 1.20677870461509], [54000.0, 1.1821967269897207], [55000.0, 1.1910166749367148], [56000.0, 1.1888663721303283], [57000.0, 1.1811609682349127], [58000.0, 1.193048907672015], [59000.0, 1.200761345199839], [60000.0, 1.1224902462667852], [61000.0, 1.1063338997518586], [62000.0, 1.0843104824718244], [63000.0, 1.08520285627587], [64000.0, 1.0693750298057805], [65000.0, 1.0597660386038574], [66000.0, 1.0503600031216322], [67000.0, 1.0083035385057593], [68000.0, 0.9558613591830482], [69000.0, 0.9182381049214203], [70000.0, 0.8907027566701121]], [[20000.0, 2.1459044382423507], [21000.0, 2.125210779007756], [22000.0, 2.1327542306242484], [23000.0, 2.177287413017821], [24000.0, 2.123138247735341], [25000.0, 2.071348632207675], [26000.0, 2.0016838918404316], [27000.0, 1.8741756093694952], [28000.0, 1.751642496205439], [29000.0, 1.7416836355921796], [30000.0, 1.654234978845168], [31000.0, 1.5585910498350029], [32000.0, 1.5798611440472419], [33000.0, 1.530710580896895], [34000.0, 1.4433354775099796], [35000.0, 1.4319067192078794], [36000.0, 1.4291674205092377], [37000.0, 1.4061485252484118], [38000.0, 1.4043761028979433], [39000.0, 1.3522153176117948], [40000.0, 1.3257177783654652], [41000.0, 1.3100101253709464], [42000.0, 1.2814942897668233], [43000.0, 1.2552942952484099], [44000.0, 1.2731403391978633], [45000.0, 1.2704464600656329], [46000.0, 1.2611486753471282], [47000.0, 1.2369613625136942], [48000.0, 1.255829738848826], [49000.0, 1.2692004653229334], [50000.0, 1.264286687226769], [51000.0, 1.2664609863554], [52000.0, 1.2769094528121734], [53000.0, 1.233358434415783], [54000.0, 1.248410297371618], [55000.0, 1.2356255539862666], [56000.0, 1.2094577410501974], [57000.0, 1.2442681887782927], [58000.0, 1.2499448228779764], [59000.0, 1.2271442600478573], [60000.0, 1.2271457888805133], [61000.0, 1.2504004227698753], [62000.0, 1.1674304260566086], [63000.0, 1.1542451815946175], [64000.0, 1.1402159946591008], [65000.0, 1.1357434278491374], [66000.0, 1.109547799215213], [67000.0, 1.0884024382397737], [68000.0, 1.0841859437777508], [69000.0, 1.0831036346640943], [70000.0, 1.1035874096474323]]]}