{"num_selected_arms": 2, "selected_arms": [0, 7], "complexity_value": 27.44030221647191, "min_min_singular_value": 0.37688529635582313, "result": [[[20000.0, 2.267950614217371], [21000.0, 2.274685938904459], [22000.0, 2.2775101777426627], [23000.0, 2.3013030401296404], [24000.0, 2.1790785073356718], [25000.0, 2.0227982876753714], [26000.0, 1.9248049170298587], [27000.0, 1.8367271006380703], [28000.0, 1.806919830155812], [29000.0, 1.8457713470811425], [30000.0, 1.731603232077123], [31000.0, 1.6899307104152355], [32000.0, 1.6538093236534985], [33000.0, 1.5908983908366703], [34000.0, 1.5720122786107464], [35000.0, 1.5904581891334095], [36000.0, 1.6046083142462098], [37000.0, 1.6258001229817838], [38000.0, 1.6305748397765916], [39000.0, 1.5880255364239277], [40000.0, 1.5099742161835206], [41000.0, 1.4828533133038158], [42000.0, 1.4478017330221973], [43000.0, 1.4229382912212754], [44000.0, 1.4072806599700773], [45000.0, 1.4041346334708258], [46000.0, 1.47370912836002], [47000.0, 1.4100860196817764], [48000.0, 1.4287445575424544], [49000.0, 1.4549982988537544], [50000.0, 1.4493180424123548], [51000.0, 1.4342295362283117], [52000.0, 1.4067635787818773], [53000.0, 1.4533390385927045], [54000.0, 1.4346851340416633], [55000.0, 1.3832494319496869], [56000.0, 1.392054408769453], [57000.0, 1.4206332469948801], [58000.0, 1.3671151342686756], [59000.0, 1.3316905145554476], [60000.0, 1.309355455996202], [61000.0, 1.28981579874972], [62000.0, 1.2790491492566556], [63000.0, 1.2492916599520352], [64000.0, 1.2435400142637671], [65000.0, 1.2091527347502014], [66000.0, 1.21330728913537], [67000.0, 1.2074322721383708], [68000.0, 1.1840480474546424], [69000.0, 1.1802501256055022], [70000.0, 1.212454113150502]], [[20000.0, 2.151293612295634], [21000.0, 2.110036690179408], [22000.0, 2.132988065414862], [23000.0, 2.012618965868739], [24000.0, 1.966872946550771], [25000.0, 1.979115350301646], [26000.0, 1.8783530761754852], [27000.0, 1.8452416859090959], [28000.0, 1.832759715243888], [29000.0, 1.8696309500044952], [30000.0, 1.73359764608149], [31000.0, 1.6852930393792862], [32000.0, 1.6084862535015032], [33000.0, 1.589603239423906], [34000.0, 1.5458621748600718], [35000.0, 1.461221994309169], [36000.0, 1.4610456506177891], [37000.0, 1.4051719458100345], [38000.0, 1.3929012627852713], [39000.0, 1.350297549871672], [40000.0, 1.2995135353519622], [41000.0, 1.2752669876485208], [42000.0, 1.2191572046172046], [43000.0, 1.2248889998058736], [44000.0, 1.2431394975429084], [45000.0, 1.248151928577456], [46000.0, 1.1947229631456706], [47000.0, 1.188280700741398], [48000.0, 1.1430026082806002], [49000.0, 1.121326373194286], [50000.0, 1.10242387629103], [51000.0, 1.0534720339714465], [52000.0, 1.0449195546861791], [53000.0, 1.0511775369638126], [54000.0, 1.0418072949992454], [55000.0, 1.0381321792415763], [56000.0, 1.0294770892984868], [57000.0, 1.028499170056795], [58000.0, 1.028383566329724], [59000.0, 1.0288278269142257], [60000.0, 1.023762049735327], [61000.0, 1.0175235239663138], [62000.0, 1.0346132329819246], [63000.0, 1.064973952823131], [64000.0, 1.0590998055833931], [65000.0, 1.093846900329553], [66000.0, 1.05875595269442], [67000.0, 1.031273049622663], [68000.0, 0.9982881719921699], [69000.0, 0.9779783042569998], [70000.0, 1.0019572580837206]], [[20000.0, 1.8652233081427914], [21000.0, 1.8293176854305313], [22000.0, 1.758368696735514], [23000.0, 1.6441233292262434], [24000.0, 1.6855275298068984], [25000.0, 1.7465951957915713], [26000.0, 1.6349032521115352], [27000.0, 1.589811748310483], [28000.0, 1.5725086668132946], [29000.0, 1.5449865894538326], [30000.0, 1.5331213283490996], [31000.0, 1.5586617820022317], [32000.0, 1.5183488225441373], [33000.0, 1.5169021954355262], [34000.0, 1.515953744386458], [35000.0, 1.4955422706431767], [36000.0, 1.4910116530274522], [37000.0, 1.5087741100177652], [38000.0, 1.4360857668593678], [39000.0, 1.3474905152139385], [40000.0, 1.3400704740681282], [41000.0, 1.306759531273548], [42000.0, 1.240328101212321], [43000.0, 1.2335195439566238], [44000.0, 1.2282516853525878], [45000.0, 1.2038467661055412], [46000.0, 1.1942780182148514], [47000.0, 1.2378015949298944], [48000.0, 1.212141042554381], [49000.0, 1.197454373197243], [50000.0, 1.1950850273424314], [51000.0, 1.2085226629293704], [52000.0, 1.1513414109902145], [53000.0, 1.1632948497607023], [54000.0, 1.168215130425685], [55000.0, 1.1744407601821307], [56000.0, 1.1437660526726237], [57000.0, 1.1481622200299633], [58000.0, 1.125989328563285], [59000.0, 1.1088239310601395], [60000.0, 1.0991706092526035], [61000.0, 1.095112812850019], [62000.0, 1.0718926872730787], [63000.0, 1.0810466093527795], [64000.0, 1.05754831380737], [65000.0, 1.0746379841039364], [66000.0, 1.077278763315617], [67000.0, 1.0864864546205684], [68000.0, 1.0504907456655619], [69000.0, 1.0218235179804973], [70000.0, 1.0285253139807093]], [[20000.0, 2.25643318844371], [21000.0, 2.307318145462744], [22000.0, 2.2120821577050513], [23000.0, 2.102413526049057], [24000.0, 2.008054380894169], [25000.0, 1.942901182594218], [26000.0, 1.9061509078700314], [27000.0, 1.817849432165382], [28000.0, 1.7412039358012277], [29000.0, 1.698526967041125], [30000.0, 1.6548705570530649], [31000.0, 1.6039492251496341], [32000.0, 1.6337410056982846], [33000.0, 1.5297092973699828], [34000.0, 1.5448546777631593], [35000.0, 1.5236919559821032], [36000.0, 1.5535818888102764], [37000.0, 1.5097491169521986], [38000.0, 1.5153492513377564], [39000.0, 1.5626569535657329], [40000.0, 1.5697659520730678], [41000.0, 1.5812426162161692], [42000.0, 1.573667145470684], [43000.0, 1.5819655341410468], [44000.0, 1.5453983667806592], [45000.0, 1.4320721464766772], [46000.0, 1.3951737910902318], [47000.0, 1.3440850172241001], [48000.0, 1.378041137444495], [49000.0, 1.4339913107336013], [50000.0, 1.396116783777088], [51000.0, 1.3707593051176057], [52000.0, 1.3649338716649317], [53000.0, 1.352481406931683], [54000.0, 1.313347192730674], [55000.0, 1.3033641472114], [56000.0, 1.2377722570801986], [57000.0, 1.245143630532936], [58000.0, 1.2342628525661068], [59000.0, 1.1805397506044333], [60000.0, 1.1845378801098592], [61000.0, 1.1617573351562465], [62000.0, 1.1268400821030375], [63000.0, 1.158964674882019], [64000.0, 1.1307626710079135], [65000.0, 1.0990774784489403], [66000.0, 1.0815223470945448], [67000.0, 1.089338784548024], [68000.0, 1.0815162525482733], [69000.0, 1.0830835688200136], [70000.0, 1.0877665987718923]], [[20000.0, 2.0515563192337183], [21000.0, 2.0376218563258752], [22000.0, 2.01149937103903], [23000.0, 1.9009021156900363], [24000.0, 1.9681361148596357], [25000.0, 1.898151901064688], [26000.0, 1.9381091383797016], [27000.0, 1.8828342583881152], [28000.0, 1.769189024075851], [29000.0, 1.7433740941085811], [30000.0, 1.8528951642021], [31000.0, 1.7822930658991472], [32000.0, 1.7202322139693258], [33000.0, 1.702273772179494], [34000.0, 1.7112502173799873], [35000.0, 1.7444253498554185], [36000.0, 1.751458080314303], [37000.0, 1.647716897743543], [38000.0, 1.665859988853701], [39000.0, 1.6216791214860005], [40000.0, 1.6332605698024572], [41000.0, 1.6584111056882282], [42000.0, 1.6998366292507572], [43000.0, 1.6717848227951961], [44000.0, 1.6471995503254475], [45000.0, 1.6254994887011225], [46000.0, 1.59781780787414], [47000.0, 1.5999602271889737], [48000.0, 1.6000758835179734], [49000.0, 1.556941146104259], [50000.0, 1.5381974173533233], [51000.0, 1.5080267692111202], [52000.0, 1.4657081681870088], [53000.0, 1.4440217013445469], [54000.0, 1.4715116784505113], [55000.0, 1.4265059555368533], [56000.0, 1.405978198401923], [57000.0, 1.3867359606853877], [58000.0, 1.346008165579397], [59000.0, 1.3227947570805707], [60000.0, 1.2651658824205096], [61000.0, 1.2854573347155582], [62000.0, 1.272116659316551], [63000.0, 1.2724396012200516], [64000.0, 1.276224627711499], [65000.0, 1.2480046892955712], [66000.0, 1.2843166476269465], [67000.0, 1.257245996396171], [68000.0, 1.2348467091160036], [69000.0, 1.211902884654924], [70000.0, 1.1984955546923888]], [[20000.0, 