{"num_selected_arms": 3, "selected_arms": [0, 4, 6], "complexity_value": 33.361291604223176, "min_min_singular_value": 0.7385861721864425, "result": [[[20000.0, 2.3410212112680635], [21000.0, 2.291466221984399], [22000.0, 2.2213869434833895], [23000.0, 2.1922662180754866], [24000.0, 2.2287333294127216], [25000.0, 2.122888495073348], [26000.0, 2.0413143668099805], [27000.0, 1.9506359665107817], [28000.0, 1.869391656366241], [29000.0, 1.8520888161623097], [30000.0, 1.8742406272350591], [31000.0, 1.8208399453225956], [32000.0, 1.8241708760677515], [33000.0, 1.8153465998721747], [34000.0, 1.7021902788119034], [35000.0, 1.6469229114152815], [36000.0, 1.5741500922457792], [37000.0, 1.5736503847835714], [38000.0, 1.5399352158442474], [39000.0, 1.5624931423452748], [40000.0, 1.5317299928394683], [41000.0, 1.5050409177129476], [42000.0, 1.493183989301489], [43000.0, 1.5233471224529325], [44000.0, 1.5220373787843988], [45000.0, 1.505206240039627], [46000.0, 1.5405111489324979], [47000.0, 1.5412602433088338], [48000.0, 1.5083597232404617], [49000.0, 1.4574575515478025], [50000.0, 1.4329741123667337], [51000.0, 1.4582022076016672], [52000.0, 1.4564231984132205], [53000.0, 1.43860610637195], [54000.0, 1.4628163362493622], [55000.0, 1.4689502808565875], [56000.0, 1.4212807737844237], [57000.0, 1.4164610600004928], [58000.0, 1.4136155307716596], [59000.0, 1.3740940018242702], [60000.0, 1.3933124129748826], [61000.0, 1.400904554511867], [62000.0, 1.3711932384849246], [63000.0, 1.3152152879217307], [64000.0, 1.3361925077348227], [65000.0, 1.3240694058037517], [66000.0, 1.319329094010228], [67000.0, 1.3020019148358073], [68000.0, 1.292182463628452], [69000.0, 1.2756914286981602], [70000.0, 1.2284507130509636]], [[20000.0, 2.4563475891275988], [21000.0, 2.42745610740353], [22000.0, 2.3710102005310305], [23000.0, 2.3641322403259317], [24000.0, 2.3800373185469623], [25000.0, 2.360940014496986], [26000.0, 2.3319918155195203], [27000.0, 2.190845590259301], [28000.0, 2.140989007502811], [29000.0, 2.126681277218051], [30000.0, 2.1184898615839445], [31000.0, 2.0964724048652297], [32000.0, 2.074966613383814], [33000.0, 2.0005256953315675], [34000.0, 2.0380487253662687], [35000.0, 1.9373634507070758], [36000.0, 1.8849081025290564], [37000.0, 1.8692775685084961], [38000.0, 1.7978121792425747], [39000.0, 1.7935427460380802], [40000.0, 1.7707248301845293], [41000.0, 1.7245258318589671], [42000.0, 1.7335006426617143], [43000.0, 1.709526466852807], [44000.0, 1.6551791940714442], [45000.0, 1.676983974000832], [46000.0, 1.6400412530690753], [47000.0, 1.6350266185569546], [48000.0, 1.5704098796407804], [49000.0, 1.6076426195858944], [50000.0, 1.601308124102394], [51000.0, 1.614925357073331], [52000.0, 1.5392040225321808], [53000.0, 1.527616889256701], [54000.0, 1.5230868075623045], [55000.0, 1.5509693799190316], [56000.0, 1.534495248932858], [57000.0, 1.5221099470873845], [58000.0, 1.5286124440193867], [59000.0, 1.475592015160946], [60000.0, 1.4498445572243028], [61000.0, 1.4369482466909522], [62000.0, 1.4307468925661884], [63000.0, 1.4146648646020017], [64000.0, 1.3994880716772227], [65000.0, 1.3744752305053387], [66000.0, 1.3292295560033103], [67000.0, 1.3310404743472761], [68000.0, 1.3168753217954516], [69000.0, 1.2996857503294936], [70000.0, 1.2854459056555534]], [[20000.0, 2.3613666775050364], [21000.0, 2.386470158759078], [22000.0, 2.264444171209572], [23000.0, 2.147864621066033], [24000.0, 2.030655101572484], [25000.0, 1.926342566522172], [26000.0, 1.916801147491065], [27000.0, 1.8365792622542], [28000.0, 1.9085689548732774], [29000.0, 1.8822041049502243], [30000.0, 1.8061463471430597], [31000.0, 1.8101726756738081], [32000.0, 1.7349002232430215], [33000.0, 1.764698336299529], [34000.0, 1.779109034258115], [35000.0, 1.7056803179531772], [36000.0, 1.5787796611227836], [37000.0, 1.5450145165102407], [38000.0, 1.5385631221285063], [39000.0, 1.5443016681375736], [40000.0, 1.5076525151081532], [41000.0, 1.473191805590649], [42000.0, 1.4887914398458286], [43000.0, 1.5293096647441724], [44000.0, 1.5145082481708716], [45000.0, 1.499177953846536], [46000.0, 1.4479128733665731], [47000.0, 1.4469706702757665], [48000.0, 1.4375752593485265], [49000.0, 1.5322634295333277], [50000.0, 1.515953578319444], [51000.0, 1.5133195821496996], [52000.0, 1.5186589709921638], [53000.0, 1.5000428056814015], [54000.0, 1.524143109640022], [55000.0, 1.4966022559197154], [56000.0, 1.482245081267765], [57000.0, 1.4306246959405018], [58000.0, 1.400022933024656], [59000.0, 1.4113918327263948], [60000.0, 1.4213164933544316], [61000.0, 1.4280610522773267], [62000.0, 1.4036269888728394], [63000.0, 1.3932509780151043], [64000.0, 1.4251594663326537], [65000.0, 1.421298082183037], [66000.0, 1.3878696079048471], [67000.0, 1.332279515412299], [68000.0, 1.3782139119719825], [69000.0, 1.4165490268827643], [70000.0, 1.4062096255781655]], [[20000.0, 2.570415641696047], [21000.0, 2.550526095428782], [22000.0, 2.3117550332934473], [23000.0, 2.1745052720621887], [24000.0, 2.1227028360535227], [25000.0, 2.15378945758782], [26000.0, 2.2091445722453793], [27000.0, 2.247025118964038], [28000.0, 2.2325043578860577], [29000.0, 2.1480066454076407], [30000.0, 2.0729181081295773], [31000.0, 2.022095221339705], [32000.0, 1.9759146240410195], [33000.0, 1.8314900982518083], [34000.0, 1.7917204348268552], [35000.0, 1.7638493887398012], [36000.0, 1.7788368274547377], [37000.0, 1.730158614642864], [38000.0, 1.6567837415297497], [39000.0, 1.6549692678979473], [40000.0, 1.6182591758139901], [41000.0, 1.5787008330336134], [42000.0, 1.599026967588717], [43000.0, 1.6270958543547183], [44000.0, 1.6561477274940648], [45000.0, 1.600538028888705], [46000.0, 1.5761576659213015], [47000.0, 1.5425901156258293], [48000.0, 1.6001381038825904], [49000.0, 1.5834705181733413], [50000.0, 1.6024837479617182], [51000.0, 1.5500258855492186], [52000.0, 1.5551637678446937], [53000.0, 1.5182431859969687], [54000.0, 1.5188909679870208], [55000.0, 1.4954458620740718], [56000.0, 1.4814391877108701], [57000.0, 1.4678332123420845], [58000.0, 1.4324040817958617], [59000.0, 1.3987075781173182], [60000.0, 1.3501215117253755], [61000.0, 1.3599219102905555], [62000.0, 1.3267902981856885], [63000.0, 1.3676133996738156], [64000.0, 1.354126172118395], [65000.0, 1.3692564429856318], [66000.0, 1.311077476857798], [67000.0, 1.2628080092191147], [68000.0, 1.2751523215019627], [69000.0, 1.2856230797295911], [70000.0, 1.3019997832706276]], [[20000.0, 2.6478340860782783], [21000.0, 2.529602031082212], [22000.0, 2.5783647697644803], [23000.0, 2.500354089512317], [24000.0, 2.4308943909511402], [25000.0, 2.3251248066490215], [26000.0, 2.1535301076945714], [27000.0, 2.097706119923823], [28000.0, 2.0657559680339657], [29000.0, 2.037251826262197], [30000.0, 2.0592033242647227], [31000.0, 2.0500495703911987], [32000.0, 2.00346578099921], [33000.0, 1.9428460309663678], [34000.0, 1.913260469110691], [35000.0, 1.9237987614997432], [36000.0, 1.963816835636911], [37000.0, 1.8801540519864477], [38000.0, 1.906112496995481], [39000.0, 1.819168327622967], [40000.0, 1.740461129359026], [41000.0, 1.6802338772091912], [42000.0, 1.6488870703826382], [43000.0, 1.6371451978324019], [44000.0, 1.6324778960599295], [45000.0, 1.599611741129642], [46000.0, 1.6059445361426647], [47000.0, 1.5545866826840968], [48000.0, 1.5631058314735329], [49000.0, 1.5368380315945949], [50000.0, 1.5513173032788807], [51000.0, 1.4856332364863092], [52000.0, 1.4652420661295793], [53000.0, 1.483649212224097], [54000.0, 1.483240562894321], [55000.0, 1.4640879507978206], [56000.0, 1.4913271975272835], [57000.0, 1.4624072211576777], [58000.0, 1.428357209787586], [59000.0, 1.4359175231699397], [60000.0, 1.408898870384824], [61000.0, 1.3782403373126815], [62000.0, 1.381721928223805], [63000.0, 1.420206828267591], [64000.0, 1.4436052928369951], [65000.0, 1.445750348954627], [66000.0, 1.4394748982550043], [67000.0, 1.4618452938345525], [68000.0, 1.432021611315577], [69000.0, 1.37856304170893], [70000.0, 1.3212619927787828]], [[20000.0, 