{"num_selected_arms": 5, "selected_arms": [1, 3, 4, 6, 9], "complexity_value": 44.828498777980194, "min_min_singular_value": 1.6275489618369525, "result": [[[20000.0, 2.521192764821696], [21000.0, 2.497430708042044], [22000.0, 2.4590225200641744], [23000.0, 2.431856752699498], [24000.0, 2.397955980011679], [25000.0, 2.286123763950664], [26000.0, 2.211933857983167], [27000.0, 2.148541826763663], [28000.0, 2.1837523311782068], [29000.0, 2.1774851971098026], [30000.0, 2.167262912898505], [31000.0, 2.1139973615925673], [32000.0, 2.153433430855043], [33000.0, 2.0890210399911946], [34000.0, 2.129329454439093], [35000.0, 2.1325054666808225], [36000.0, 2.0784999457987334], [37000.0, 2.09386549565726], [38000.0, 2.0407762157809426], [39000.0, 2.03682877459694], [40000.0, 2.022910981110726], [41000.0, 1.974052136408372], [42000.0, 1.9493926852906949], [43000.0, 1.9144345063974206], [44000.0, 1.9105545850867733], [45000.0, 1.8902370153094856], [46000.0, 1.8776098300604718], [47000.0, 1.8337750862433677], [48000.0, 1.812781758493549], [49000.0, 1.7628892022986813], [50000.0, 1.7687933813725822], [51000.0, 1.6966432385311812], [52000.0, 1.6379622060710683], [53000.0, 1.6020209572658812], [54000.0, 1.5226918722340044], [55000.0, 1.5302561035174493], [56000.0, 1.5522185427565043], [57000.0, 1.5483869744013776], [58000.0, 1.5363700939551732], [59000.0, 1.5285054533936107], [60000.0, 1.5230620836866617], [61000.0, 1.5109393062192702], [62000.0, 1.4827153658231236], [63000.0, 1.4583703429968486], [64000.0, 1.4822340785842716], [65000.0, 1.4334561539988435], [66000.0, 1.4028946266415119], [67000.0, 1.3570327693580635], [68000.0, 1.3441083483046379], [69000.0, 1.337801001674181], [70000.0, 1.3562661476172873]], [[20000.0, 2.2567251685147647], [21000.0, 2.1634682539436527], [22000.0, 2.0899263041922467], [23000.0, 2.01880576631657], [24000.0, 1.913334501396413], [25000.0, 1.9213946355880236], [26000.0, 1.840371167146968], [27000.0, 1.8623503321912263], [28000.0, 1.8925459193988698], [29000.0, 1.8790567452165052], [30000.0, 1.8384106440263477], [31000.0, 1.8157209823479539], [32000.0, 1.7873990919889424], [33000.0, 1.7662008984722029], [34000.0, 1.6723172599442706], [35000.0, 1.6662818155038042], [36000.0, 1.688019237293047], [37000.0, 1.639688834267812], [38000.0, 1.5670175874598682], [39000.0, 1.5700554244582412], [40000.0, 1.5555046879702237], [41000.0, 1.5246355509900074], [42000.0, 1.577729288226738], [43000.0, 1.6086958816309915], [44000.0, 1.5567733211118062], [45000.0, 1.5856141329759896], [46000.0, 1.526900320677112], [47000.0, 1.478483801074448], [48000.0, 1.4679109821291745], [49000.0, 1.4890571721017587], [50000.0, 1.4837657922149803], [51000.0, 1.4146201214308567], [52000.0, 1.4085383032243197], [53000.0, 1.3710753583536512], [54000.0, 1.324283689026287], [55000.0, 1.3482548040798759], [56000.0, 1.347369190307343], [57000.0, 1.351387130198047], [58000.0, 1.2956723742161638], [59000.0, 1.3217277663761098], [60000.0, 1.3155525289190864], [61000.0, 1.2654226651792462], [62000.0, 1.2748139743858937], [63000.0, 1.2643456605643049], [64000.0, 1.272495761082557], [65000.0, 1.2633007536413423], [66000.0, 1.2794579261368044], [67000.0, 1.2609677143938187], [68000.0, 1.2492879130050658], [69000.0, 1.2410522952490375], [70000.0, 1.2188108430858138]], [[20000.0, 2.428960454262678], [21000.0, 2.3650783330818106], [22000.0, 2.3310599439933997], [23000.0, 2.3447336093389683], [24000.0, 2.302786549884807], [25000.0, 2.2590477384029777], [26000.0, 2.1921201607744507], [27000.0, 2.142487107046525], [28000.0, 2.1167270355128354], [29000.0, 1.975995725866368], [30000.0, 1.9126638675280847], [31000.0, 1.8129085925566064], [32000.0, 1.8112887982262718], [33000.0, 1.7547695746129985], [34000.0, 1.6314319689256163], [35000.0, 1.5712677384484193], [36000.0, 1.5816131054253117], [37000.0, 1.563596194798875], [38000.0, 1.573552627893827], [39000.0, 1.573076308493085], [40000.0, 1.5560805977324847], [41000.0, 1.5614719561707204], [42000.0, 1.5359686034796114], [43000.0, 1.6073642865359183], [44000.0, 1.620258747388831], [45000.0, 1.6123780943556139], [46000.0, 1.6277696531284283], [47000.0, 1.632312109908597], [48000.0, 1.6229351706274322], [49000.0, 1.633145399128296], [50000.0, 1.6342648626261373], [51000.0, 1.628109082536858], [52000.0, 1.6676126765954438], [53000.0, 1.7327517931166512], [54000.0, 1.70287212442497], [55000.0, 1.6816088820675443], [56000.0, 1.6994928676623413], [57000.0, 1.6870093400581623], [58000.0, 1.6815465704869395], [59000.0, 1.6611460198908063], [60000.0, 1.680145033415017], [61000.0, 1.6497724866657242], [62000.0, 1.646664006934143], [63000.0, 1.6312349928975987], [64000.0, 1.6591268316564154], [65000.0, 1.639866496095254], [66000.0, 1.5898882395001115], [67000.0, 1.5378676479091236], [68000.0, 1.4992854500472426], [69000.0, 1.4979372933396882], [70000.0, 1.4865222771900843]], [[20000.0, 2.6374237278228194], [21000.0, 2.578990924075799], [22000.0, 2.4857006908928763], [23000.0, 2.3058599396215356], [24000.0, 2.2161727841431405], [25000.0, 2.143775925715301], [26000.0, 2.097400998798604], [27000.0, 2.1460426174600773], [28000.0, 2.0504992161447246], [29000.0, 2.1697476663686768], [30000.0, 2.183386793147874], [31000.0, 2.111508331580871], [32000.0, 2.092443073427086], [33000.0, 2.036576783882644], [34000.0, 1.9306731134268116], [35000.0, 1.8834083847324452], [36000.0, 1.782431768492648], [37000.0, 1.7595035868717348], [38000.0, 1.7100611038302822], [39000.0, 1.6984274930828578], [40000.0, 1.6400735452098747], [41000.0, 1.5524561926989158], [42000.0, 1.5713274503903463], [43000.0, 1.577887996110551], [44000.0, 1.5669443189431755], [45000.0, 1.5739403988265221], [46000.0, 1.5418073333436222], [47000.0, 1.550989261969715], [48000.0, 1.5476159489722552], [49000.0, 1.5488092246828749], [50000.0, 1.5050300404117818], [51000.0, 1.4725835247718153], [52000.0, 1.4826117230768014], [53000.0, 1.4789409477844642], [54000.0, 1.4557329457847592], [55000.0, 1.4621530731633474], [56000.0, 1.4509276572144263], [57000.0, 1.4169211631395215], [58000.0, 1.4112567711336277], [59000.0, 1.4009233857348071], [60000.0, 1.4157120696465733], [61000.0, 1.3519784685790754], [62000.0, 1.3562456688217153], [63000.0, 1.312233993270902], [64000.0, 1.286550897751654], [65000.0, 1.2507666661489365], [66000.0, 1.2594445801480922], [67000.0, 1.199042185280422], [68000.0, 1.1476151476038852], [69000.0, 1.1565028119692817], [70000.0, 1.1138274235508838]], [[20000.0, 2.7425960279185064], [21000.0, 2.596365503469652], [22000.0, 2.514283185003947], [23000.0, 2.418910155414283], [24000.0, 2.3243972965225472], [25000.0, 2.3281496151364234], [26000.0, 2.278315239296284], [27000.0, 2.212212725043451], [28000.0, 2.1559286526645964], [29000.0, 2.110780252574302], [30000.0, 2.058850565524398], [31000.0, 2.0942011656445665], [32000.0, 2.045264370221377], [33000.0, 1.9833170021156319], [34000.0, 1.9045143509282632], [35000.0, 1.9327735821821603], [36000.0, 1.8617735261615231], [37000.0, 1.7935718004632566], [38000.0, 1.7496137672141272], [39000.0, 1.686679322758994], [40000.0, 1.6713897564181928], [41000.0, 1.619694703011605], [42000.0, 1.63420344482548], [43000.0, 1.5783454598041273], [44000.0, 1.5613780716969714], [45000.0, 1.5641897411811778], [46000.0, 1.522654263994108], [47000.0, 1.4464159110507209], [48000.0, 1.449474050262458], [49000.0, 1.409310496206508], [50000.0, 1.385241680596953], [51000.0, 1.3763708337870493], [52000.0, 1.363962887905302], [53000.0, 1.385377773910815], [54000.0, 1.4004713468310537], [55000.0, 1.4266019271996406], [56000.0, 1.4556741050953927], [57000.0, 1.4294689253796165], [58000.0, 1.4236241008042552], [59000.0, 1.4495210890164643], [60000.0, 1.4373721510415105], [61000.0, 1.4045971654955414], [62000.0, 1.4030575020341867], [63000.0, 1.386890289829058], [64000.0, 1.3810366329969657], [65000.0, 1.3791022741464989], [66000.0, 1.399245700342127], [67000.0, 1.3760307332991266], [68000.0, 1.3329115355559231], [69000.0, 1.2846560608664608], [70000.0, 1.2820969606347374]], 