{"num_modes": 3, "num_states": 5, "num_actions": 4, "num_obs": 5, "modes_transition_multiplier": 5, "transition_multiplier": 5, "observation_multiplier": 5, "markov_chain_matrix": [[0.5754716981132076, 0.22641509433962267, 0.19811320754716985], [0.08737864077669905, 0.5048543689320388, 0.4077669902912622], [0.07317073170731708, 0.18292682926829268, 0.7439024390243902]], "mode_state_action_transition_matrix": [[[[0.2768409731430728, 0.19947741384676956, 0.35588540072186853, 0.0013322714450203427, 0.16646394084326868], [0.21654436563148677, 0.10856581610939028, 0.2337089591031437, 0.20646622536320933, 0.23471463379276983], [0.30983541503462464, 0.10191523564657065, 0.28394051707043816, 0.040680399965266484, 0.26362843228309996], [0.09508994526313914, 0.03645219810240943, 0.3581425179087175, 0.3135627875988653, 0.1967525511268685]], [[0.29101710593995556, 0.19269277457173137, 0.1499510325180866, 0.22660242777001643, 0.13973665920021022], [0.20797202560023167, 0.1976651683072853, 0.03424042573418464, 0.31372938852006, 0.24639299183823837], [0.2416990364294502, 0.11712510227023028, 0.009408072648468145, 0.2858033910536554, 0.34596439759819586], [0.15681106785132995, 0.3597327021879562, 0.1471880697940321, 0.10402180986376093, 0.2322463503029207]], [[0.20896882240106338, 0.16234701654092937, 0.26811199713247713, 0.05365779388756066, 0.30691437003796934], [0.09424372675577436, 0.07271658409553625, 0.24765456704044728, 0.27653050086884756, 0.30885462123939456], [0.010121212714812925, 0.1288493946467736, 0.40674782433468365, 0.3217595536996142, 0.13252201460411558], [0.14631260224315112, 0.008338871896758556, 0.30542076795153317, 0.25037896892073974, 0.2895487889878174]], [[0.09179545446077238, 0.2730722488134277, 0.22083934683358336, 0.2924289707746579, 0.12186397911755877], [0.2882782397280921, 0.13194039801788393, 0.2122976200392794, 0.10034326726685106, 0.2671404749478935], [0.0611816565205218, 0.008827407766593019, 0.4532963032902069, 0.4466451522767889, 0.03004948014588944], [0.26434104434628486, 0.2693105513304842, 0.14889024818491586, 0.15729214303362318, 0.16016601310469183]], [[0.2344655160735891, 0.2546372406175331, 0.06792513681293404, 0.2517082055569257, 0.19126390093901807], [0.3426847793704309, 0.14056356495536318, 0.2505359862417962, 0.08196725179365086, 0.18424841763875902], [0.0025848937639617073, 0.07472610941276901, 0.3604976456934217, 0.2429346816298166, 0.31925666950003084], [0.036780987067435655, 0.46637209278906083, 0.20877020899214083, 0.03011584203863123, 0.2579608691127316]]], [[[0.01616046591314981, 0.27722605396465155, 0.26653502038299254, 0.2110796239206772, 0.2289988358185289], [0.015556671388147692, 0.03357350092764077, 0.6307257620787011, 0.10779279077585723, 0.21235127482965335], [0.29951776835371086, 0.23169264695918698, 0.24410227036778462, 0.037350093005624134, 0.18733722131369332], [0.20915452063281892, 0.19290264191873752, 0.18955863187979552, 0.22437704383187498, 0.18400716173677312]], [[0.008719595649985147, 0.11748950777060163, 0.3504381257958237, 0.195576740298127, 0.32777603048546267], [0.13841978301879898, 0.32395388802147984, 0.04508671005906976, 0.2697374611360639, 0.2228021577645875], [0.4030723047448085, 0.1790139141282945, 0.17473638475425363, 0.22167318261500166, 0.021504213757641732], [0.21147652230709257, 0.16023562440884986, 0.27535299775004946, 0.17523324188791983, 0.17770161364608827]], [[0.08856706247005385, 0.1947881821222463, 0.4300807867820796, 0.038787828409071766, 0.24777614021654845], [0.32221687296342505, 0.32308145889649353, 0.07121053301264096, 0.08500240246668285, 0.19848873266075762], [0.2804650815578046, 0.08719852779248159, 0.36442281293490947, 0.25767847447742565, 0.010235103237378841], [0.18925818081504084, 0.24480273654528317, 0.2920035976495554, 0.23950310292587199, 0.03443238206424857]], [[0.19820045753037588, 0.1444978201467651, 0.31909395120168915, 0.25222115996687344, 0.08598661115429654], [0.11473947661018992, 0.18714465263765626, 0.23264029859299798, 0.2113146799735833, 0.2541608921855726], [0.3460810688241313, 0.015414848062739695, 0.3111182682506224, 0.07157211274098835, 0.2558137021215182], [0.1552398808415534, 0.14662447929146644, 0.2768502641833198, 0.2133512303638189, 0.20793414531984145]], [[0.22035101270176538, 0.09877384340458678, 0.26233306058877826, 0.13899665782688098, 0.2795454254779886], [0.08427312337282433, 0.1549542911482903, 0.21686145274878993, 0.3295743182119946, 0.2143368145181009], [0.24451792069234982, 0.20312613158426143, 0.07536295052852207, 0.19344382075930278, 0.28354917643556393], [0.2703339307159974, 0.04396774257740355, 0.22136972841098915, 0.21667317578930345, 0.2476554225063065]]], [[[0.23325234105034992, 0.2690706437884479, 0.03181480067162952, 0.32272980359566794, 0.14313241089390472], [0.2252868337279388, 0.3472939390235348, 0.32694445826085494, 0.027433365257616454, 0.07304140373005498], [0.19638010924324348, 0.1635707355040236, 0.10903375752899279, 0.2799123703946543, 0.25110302732908585], [0.16994752544436625, 0.31015889585950696, 0.18646086033267326, 0.22316642389573862, 0.11026629446771492]], [[0.21293623193796019, 0.18059632029268918, 0.22352629853524852, 0.13386517436018897, 0.24907597487391317], [0.43647820963491596, 0.2600856881445772, 0.06931867372640664, 0.1872526750018079, 0.046864753492292244], [0.34709440536554265, 0.00612116066094915, 0.3546161895979749, 0.25001795073791605, 0.04215029363761723], [0.2537670300923344, 0.27364194996322716, 0.15489585188963878, 0.10738723811890101, 0.21030792993589856]], [[0.27415619297253424, 0.07346646180185035, 0.23079678798002098, 0.412549875464852, 0.009030681780742402], [0.2294295189690826, 0.1951411907286059, 0.2271092899387412, 0.26894882544314025, 0.07937117492043005], [0.1917205830710427, 0.1352684993683399, 0.1596451124903585, 0.24066354444948918, 0.27270226062076974], [0.2426585331736128, 0.392454550043781, 0.062075098752490565, 0.11961657694979716, 0.18319524108031845]], [[0.20105730570995706, 0.13519351022140147, 0.20501919477481445, 0.2138480458957566, 0.24488194339807057], [0.38574358184025503, 0.1418870050282874, 0.3142890463408919, 0.02159909007920363, 0.13648127671136198], [0.2248146826572214, 0.03528233686612247, 0.25131533400956546, 0.33801428363679986, 0.15057336283029082], [0.2342612402870223, 0.3121371301562357, 0.06904516822965974, 0.159350984286784, 0.22520547704029842]], [[0.2468862612271722, 0.2699156065475398, 0.18252526373386163, 0.008428661333492292, 0.29224420715793403], [0.026690605770354536, 0.23372431361670287, 0.20705668663263613, 0.512829358031817, 0.019699035948489645], [0.24569483997148878, 0.10583692249217282, 0.27666509906655995, 0.33596617854905525, 0.035836959920723194], [0.23635717120579777, 0.007687792074109511, 0.16194670262315572, 0.25524666868994333, 0.3387616654069936]]]],