{"num_states": 3, "num_actions": 3, "num_obs": 8, "transition_multiplier": 0, "observation_multiplier": 10, "non_normalized_min_transition_value": 0.2, "real_min_transition_value": 0.08236598744624923, "state_action_transition_matrix": [[[0.12933390584306947, 0.49780497452816436, 0.37286111962876617], [0.12570075125246327, 0.6508213110024866, 0.22347793774505006], [0.08236598744624923, 0.5069162157253485, 0.4107177968284022]], [[0.09040207234610592, 0.4527778569770528, 0.45682007067684127], [0.4125995785589826, 0.3805391800197132, 0.2068612414213041], [0.14532073410765645, 0.5969206825223371, 0.2577585833700064]], [[0.1391277294325681, 0.5394290956459549, 0.321443174921477], [0.2970038144075426, 0.49357652476594754, 0.20941966082650987], [0.41595097537934256, 0.09770717927314572, 0.48634184534751185]]], "state_action_observation_matrix": [[[0.06893262134514644, 0.03207482287386846, 0.05945336487357673, 0.003741087020330924, 0.7301854343686468, 0.03745395949357185, 0.005345956773069639, 0.06281275325178921], [0.01588245991242888, 0.05900369942648679, 0.041778127585972866, 0.04168226727349092, 0.005445879152082039, 0.7458784608982448, 0.03281984151308296, 0.05750926423821069], [0.7064114169485061, 0.05987608912363958, 0.024709759951284424, 0.06279649001428586, 0.05767299391954117, 0.0172167049985058, 0.046278383152791584, 0.02503816189144546]], [[0.0636652750074943, 0.03534312068599839, 0.7531971425857736, 0.016257462765974815, 0.037785621246891395, 0.02079143566677073, 0.029184070906816385, 0.043775871134280366], [0.00654325042497853, 0.036134258061799714, 0.06410164609735741, 0.05475067710780741, 0.010605987048793621, 0.04748784682277715, 0.06124704225836032, 0.7191292921781258], [0.01388911476447669, 0.0522964194834452, 0.03522366408100196, 0.035564197149000464, 0.05856857077119099, 0.05836875000606987, 0.6950751188106815, 0.05101416493413328]], [[0.03312965784673111, 0.7513786725955546, 0.0538100216485806, 0.03222326015229766, 0.04325372215260848, 0.0019388024570913928, 0.02539631916562296, 0.05886954398151319], [0.1417870987803758, 0.18991140689029623, 0.21429731649764847, 0.11830316529730855, 0.03540793846234665, 0.0009176426370756083, 0.2003595223593593, 0.0990159090755894], [0.013770592474369197, 0.007735928351503829, 0.040552354058784296, 0.8024892869624699, 0.07174429113498729, 0.018281983995405374, 0.035637260083940574, 0.009788302938539592]]], "possible_rewards": [0.42857142857142855, 0.7142857142857142, 0.14285714285714285, 0.5714285714285714, 1.0, 0.2857142857142857, 0.8571428571428571, 0.0]}