{"num_selected_arms": 1, "selected_arms": [0], "complexity_value": 5645.295933705598, "result": [[[5000.0, 2.35138133657127], [5500.0, 4.844582633408092], [6000.0, 4.38466491366162], [6500.0, 4.266500505161853], [7000.0, 5.30017970358818], [7500.0, 6.961436108171679], [8000.0, 9.371595179718497], [8500.0, 9.336119784939129], [9000.0, 3.057238221883818], [9500.0, 3.0207186466475746], [10000.0, 3.5557812310117205], [10500.0, 4.478822548161415], [11000.0, 3.2427845695993085], [11500.0, 2.6720283556419715], [12000.0, 2.4850902650557587], [12500.0, 2.3244008875902877], [13000.0, 2.4342293618063477], [13500.0, 3.043523224671236], [14000.0, 3.2133086492575265], [14500.0, 3.7947682229154145], [15000.0, 3.7595587752623425], [15500.0, 4.4490301238666845], [16000.0, 4.687341114349425], [16500.0, 4.936293342135398], [17000.0, 5.194030005831155], [17500.0, 4.9722025732895805], [18000.0, 5.374628627058223], [18500.0, 5.409252323127428], [19000.0, 2.6660111441638503], [19500.0, 2.8095804438921355], [20000.0, 3.279561839343351], [20500.0, 3.5399267209277454], [21000.0, 3.8733510042569606], [21500.0, 4.001383252577774], [22000.0, 4.085659186010321], [22500.0, 4.032625631364107], [23000.0, 4.130763660792311], [23500.0, 4.384981692868847], [24000.0, 4.331953492681783], [24500.0, 4.413690538719463], [25000.0, 4.9682689453398865], [25500.0, 5.000110345415188], [26000.0, 5.015923227915105], [26500.0, 5.300674565095956], [27000.0, 5.540267656264205], [27500.0, 5.64449480288117], [28000.0, 5.831035628242291], [28500.0, 3.991384777946055], [29000.0, 4.411223273068928], [29500.0, 4.604666966724575], [30000.0, 4.769849806810025]]]}