{"num_selected_arms": 5, "selected_arms": [1, 2, 3, 8, 9], "complexity_value": 23.345843370721553, "result": [[[5000.0, 0.7251925349688375], [5500.0, 0.665733581693513], [6000.0, 0.5848114655711749], [6500.0, 0.5484168874778588], [7000.0, 0.5256818960133239], [7500.0, 0.5294942630297893], [8000.0, 0.46757101794627187], [8500.0, 0.4448039491099066], [9000.0, 0.42758622285000325], [9500.0, 0.421896403237085], [10000.0, 0.3903141885405418], [10500.0, 0.43821390588142045], [11000.0, 0.38704960518210435], [11500.0, 0.4036633184396785], [12000.0, 0.4095458951429111], [12500.0, 0.39696281477040596], [13000.0, 0.35754029603308185], [13500.0, 0.3549010492075414], [14000.0, 0.3391590574087149], [14500.0, 0.33109793038256585], [15000.0, 0.30318800772420995], [15500.0, 0.3267674567487638], [16000.0, 0.33227301216655497], [16500.0, 0.3253885299448418], [17000.0, 0.3088610103357701], [17500.0, 0.32131509243685275], [18000.0, 0.31779616518208453], [18500.0, 0.2877613459076709], [19000.0, 0.3216877285241481], [19500.0, 0.3093997421262126], [20000.0, 0.3098158616179402], [20500.0, 0.3063542553456867], [21000.0, 0.30996518243998294], [21500.0, 0.32854263807979844], [22000.0, 0.3277103482037892], [22500.0, 0.3261928691840478], [23000.0, 0.31394398480318886], [23500.0, 0.3043411623792859], [24000.0, 0.3085985177889066], [24500.0, 0.2946799593294106], [25000.0, 0.27791053168611246], [25500.0, 0.2674885206765286], [26000.0, 0.26461434689060404], [26500.0, 0.2529408248270206], [27000.0, 0.25804098079670446], [27500.0, 0.2339385297819893], [28000.0, 0.22078062795557846], [28500.0, 0.21618914131206696], [29000.0, 0.22446979292900066], [29500.0, 0.23177646087665033], [30000.0, 0.21685047217114056]]]}