{"num_selected_arms": 18, "selected_arms": [0, 1, 2, 3, 4, 5, 6, 7, 8, 9, 10, 11, 12, 13, 14, 15, 16, 17], "result": [[[20000.0, 9486.330154027182], [21000.0, 889.283012784373], [22000.0, 767.3489953597131], [23000.0, 929.0570842650445], [24000.0, 936.0765983876903], [25000.0, 1816.7240170758682], [26000.0, 1884.0316739809803], [27000.0, 566.841997436808], [28000.0, 473.5799875271113], [29000.0, 538.5075043782442], [30000.0, 549.378481570586], [31000.0, 342.7411007369579], [32000.0, 281.30271831730926], [33000.0, 283.1074957471287], [34000.0, 271.3432398673544], [35000.0, 288.39982956664244], [36000.0, 286.54299892226805], [37000.0, 283.6421114860039], [38000.0, 309.7889125118897], [39000.0, 340.71266641305766], [40000.0, 389.67474184759556], [41000.0, 391.1696525827352], [42000.0, 401.63859059683426], [43000.0, 383.6529353728482], [44000.0, 452.05354718418954], [45000.0, 564.2971554043099], [46000.0, 451.27501273770616], [47000.0, 427.4190558356959], [48000.0, 352.0808763823505], [49000.0, 385.748049904136], [50000.0, 403.08426038668574], [51000.0, 382.2899001168971], [52000.0, 387.565896294547], [53000.0, 366.0173133356468], [54000.0, 350.3617924830909], [55000.0, 310.42035770781905], [56000.0, 304.5702636360943], [57000.0, 302.0686063029976], [58000.0, 270.4529166172918], [59000.0, 281.1724023765612], [60000.0, 326.6110514145828], [61000.0, 363.6610395962633], [62000.0, 317.8918753288887], [63000.0, 372.8191054382115], [64000.0, 399.89127585308927], [65000.0, 484.5066503238982], [66000.0, 382.200077749069], [67000.0, 363.1575879254689], [68000.0, 361.4594216518122], [69000.0, 413.72303806176615], [70000.0, 347.95148424825663]], [[20000.0, 149.89256460499348], [21000.0, 133.5196947230436], [22000.0, 133.61117591365647], [23000.0, 125.74492716669667], [24000.0, 124.41992656529081], [25000.0, 138.49199068479987], [26000.0, 128.28835291543436], [27000.0, 133.66755399039113], [28000.0, 120.59897939200452], [29000.0, 114.99696046332275], [30000.0, 176.09097977219741], [31000.0, 321.1512729487407], [32000.0, 1647.2473652957183], [33000.0, 155.55378867401237], [34000.0, 217.90794499173742], [35000.0, 275.97434415861574], [36000.0, 354.05768343030053], [37000.0, 277.0434780554464], [38000.0, 197.8666460070243], [39000.0, 267.3312375855304], [40000.0, 298.2816405259694], [41000.0, 234.58260712864558], [42000.0, 219.91938818374106], [43000.0, 236.84931093238367], [44000.0, 423.51251856176276], [45000.0, 250.85387211670363], [46000.0, 469.09309688414623], [47000.0, 126.64083391459954], [48000.0, 122.21957940264011], [49000.0, 179.08689448626197], [50000.0, 160.56416009558907], [51000.0, 160.43155173913686], [52000.0, 200.16674101473083], [53000.0, 637.6701946104399], [54000.0, 165.95353385144563], [55000.0, 145.422078402228], [56000.0, 212.8909534795395], [57000.0, 353.180130127181], [58000.0, 229.6210537445408], [59000.0, 100.2878228418485], [60000.0, 181.9455216635307], [61000.0, 174.00769075871926], [62000.0, 213.43195610648604], [63000.0, 255.06876032879455], [64000.0, 150.06637448964113], [65000.0, 91.04454853626045], [66000.0, 102.12771508928314], [67000.0, 118.67680821833302], [68000.0, 127.09532191720216], [69000.0, 139.8360847202243], [70000.0, 130.14433336130327]]]}