{"num_selected_arms": 3, "selected_arms": [0, 2, 3], "complexity_value": 14.712429329113004, "result": [[[5000.0, 0.6098406428168225], [5500.0, 0.542730801746331], [6000.0, 0.41141917884172463], [6500.0, 0.4234509316359385], [7000.0, 0.3290421599609158], [7500.0, 0.35287515783815293], [8000.0, 0.36680550023975356], [8500.0, 0.3366127070053917], [9000.0, 0.3589197552040052], [9500.0, 0.34228528742144115], [10000.0, 0.4064055999062126], [10500.0, 0.403378100794917], [11000.0, 0.40122650345853494], [11500.0, 0.3642796863432468], [12000.0, 0.3521837434289006], [12500.0, 0.37086508842164556], [13000.0, 0.3617652586704296], [13500.0, 0.34513027806654223], [14000.0, 0.3016090724813889], [14500.0, 0.2866310918581729], [15000.0, 0.26451207483196737], [15500.0, 0.21926777530555627], [16000.0, 0.2213138925996147], [16500.0, 0.25170147552768674], [17000.0, 0.24595427764382505], [17500.0, 0.2610082916179832], [18000.0, 0.2575188204118389], [18500.0, 0.23961623074596766], [19000.0, 0.2571929940451571], [19500.0, 0.24475146596665326], [20000.0, 0.2421566602107261], [20500.0, 0.2703403868820877], [21000.0, 0.27833250767210443], [21500.0, 0.30109940295632964], [22000.0, 0.2969590661378071], [22500.0, 0.302134862855056], [23000.0, 0.31000553154608257], [23500.0, 0.3195116047000121], [24000.0, 0.3309335324740943], [24500.0, 0.3191418247706213], [25000.0, 0.31445212180655396], [25500.0, 0.3324773099566027], [26000.0, 0.32590007494603007], [26500.0, 0.31260208175417736], [27000.0, 0.29079641819225666], [27500.0, 0.29460027759004115], [28000.0, 0.2830011201397359], [28500.0, 0.26690789546736116], [29000.0, 0.2717478466181106], [29500.0, 0.264145616871031], [30000.0, 0.2658938331918197]]]}