{"num_selected_arms": 5, "selected_arms": [0, 1, 2, 3, 7], "complexity_value": 30.992775094287186, "result": [[[5000.0, 1.026249424902915], [5500.0, 0.9284756890815389], [6000.0, 0.9142151972506318], [6500.0, 0.9367297554584703], [7000.0, 1.023186988251461], [7500.0, 0.9054225892712958], [8000.0, 0.8909731627572052], [8500.0, 0.8122093217842308], [9000.0, 0.8351282335481247], [9500.0, 0.7977615905963059], [10000.0, 0.8137960499368785], [10500.0, 0.7472283842949609], [11000.0, 0.7390289604398247], [11500.0, 0.7769360735405236], [12000.0, 0.7366120833536915], [12500.0, 0.696877788625882], [13000.0, 0.7115409312194702], [13500.0, 0.6708132191743605], [14000.0, 0.6606844718178094], [14500.0, 0.6545043832178955], [15000.0, 0.6522138239003813], [15500.0, 0.643576543329596], [16000.0, 0.6375656356216266], [16500.0, 0.6276504508804992], [17000.0, 0.5799379926982196], [17500.0, 0.562295265734869], [18000.0, 0.5381849604064914], [18500.0, 0.5186632613211957], [19000.0, 0.5208872661984103], [19500.0, 0.5047894538082065], [20000.0, 0.49229086498939995], [20500.0, 0.4954978178052479], [21000.0, 0.46805223748727964], [21500.0, 0.4838516371755391], [22000.0, 0.483251643544232], [22500.0, 0.4536034562348974], [23000.0, 0.4628251228531184], [23500.0, 0.45420689887199445], [24000.0, 0.42007936574390614], [24500.0, 0.44576341741868875], [25000.0, 0.41911777594810523], [25500.0, 0.3999760381885622], [26000.0, 0.3986623284005667], [26500.0, 0.373085124207179], [27000.0, 0.3954280446344069], [27500.0, 0.3785502465687702], [28000.0, 0.3630095927705594], [28500.0, 0.36356063825248275], [29000.0, 0.35879587663850165], [29500.0, 0.3660148519155618], [30000.0, 0.36719791380285377]]]}