{"num_selected_arms": 1, "selected_arms": [4], "complexity_value": 5889.205937486705, "result": [[[5000.0, 21.28031840350941], [5500.0, 34.900957984036246], [6000.0, 80.13019377017704], [6500.0, 25.01675102786131], [7000.0, 28.8165719312762], [7500.0, 64.48052890699094], [8000.0, 23.90646543615715], [8500.0, 20.258171086250698], [9000.0, 21.123173330424407], [9500.0, 11.653347503148701], [10000.0, 9.058239982178478], [10500.0, 8.436785916531935], [11000.0, 9.039233240940426], [11500.0, 10.33285475085108], [12000.0, 10.74774324341561], [12500.0, 10.125199898739385], [13000.0, 10.5780384330776], [13500.0, 11.46683843885732], [14000.0, 11.138932187557842], [14500.0, 10.844859012132817], [15000.0, 11.167526782391219], [15500.0, 12.721504386803575], [16000.0, 11.700664919964643], [16500.0, 11.59470265456642], [17000.0, 11.80614453848432], [17500.0, 11.711291846738767], [18000.0, 11.615433065551464], [18500.0, 12.07607137779498], [19000.0, 12.119521002928208], [19500.0, 12.250855936103221], [20000.0, 12.224434591958314], [20500.0, 12.677086653625814], [21000.0, 12.909465743340766], [21500.0, 13.165444963650263], [22000.0, 10.02949300183456], [22500.0, 10.152274864179383], [23000.0, 10.440299846481185], [23500.0, 5.5448052880556284], [24000.0, 5.929487125636133], [24500.0, 3.3828764099024875], [25000.0, 1.962668899601114], [25500.0, 1.8533591032741588], [26000.0, 1.9974990045363836], [26500.0, 2.1919514913237235], [27000.0, 2.581707143677231], [27500.0, 2.6460780745941217], [28000.0, 2.8599426783910835], [28500.0, 3.113362237302121], [29000.0, 3.0357528492332966], [29500.0, 3.0930181050032166], [30000.0, 1.6278662695027588]], [[5000.0, 53.18947020714773], [5500.0, 57.44175077208382], [6000.0, 30.78648644755654], [6500.0, 26.89369215923991], [7000.0, 21.69321412841105], [7500.0, 17.932766696331534], [8000.0, 19.22666120935386], [8500.0, 21.26372829612896], [9000.0, 13.316091802058097], [9500.0, 11.781795049191482], [10000.0, 10.193493507828126], [10500.0, 10.232942764566241], [11000.0, 8.385638829688206], [11500.0, 8.310187751620248], [12000.0, 6.724179401795466], [12500.0, 4.631851138511278], [13000.0, 8.069236013374608], [13500.0, 7.078420214006462], [14000.0, 6.41810990505349], [14500.0, 5.674993761509882], [15000.0, 5.048953395196287], [15500.0, 4.924058187094568], [16000.0, 7.708944288419333], [16500.0, 6.733440544982953], [17000.0, 6.075443180433732], [17500.0, 8.849274952535481], [18000.0, 8.315621353564492], [18500.0, 7.89222181403976], [19000.0, 7.9342641198999235], [19500.0, 12.871232366466657], [20000.0, 12.464739296867517], [20500.0, 11.407133879987134], [21000.0, 10.710717594663253], [21500.0, 12.962681721180502], [22000.0, 12.516148875786506], [22500.0, 11.941036158556853], [23000.0, 11.414834392960914], [23500.0, 10.572590049552442], [24000.0, 10.205039656376472], [24500.0, 9.867347816602212], [25000.0, 9.480508033683071], [25500.0, 9.119907828338555], [26000.0, 8.625375191275786], [26500.0, 8.322572291256442], [27000.0, 7.852261219486497], [27500.0, 7.3818241525069705], [28000.0, 7.196354322076653], [28500.0, 6.81985447777431], [29000.0, 6.278100408189893], [29500.0, 6.130440462778564], [30000.0, 5.824522467714659]], [[5000.0, 13.584228846880581], [5500.0, 14.803105388281624], [6000.0, 14.772154924686934], [6500.0, 921.9006546623554], [7000.0, 61.23338096716393], [7500.0, 13.340762203440045], [8000.0, 12.544457689925327], [8500.0, 14.246512018017736], [9000.0, 12.633704896082351], [9500.0, 12.639258091657808], [10000.0, 14.453864002198136], [10500.0, 13.718634002664187], [11000.0, 14.807820048418554], [11500.0, 16.046393128198943], [12000.0, 15.98302453655581], [12500.0, 19.932069651418594], [13000.0, 17.483772240464447], [13500.0, 18.095132329530635], [14000.0, 17.200740079915313], [14500.0, 17.267767800710494], [15000.0, 16.2970874759291], [15500.0, 16.282371523824906], [16000.0, 14.976102193757649], [16500.0, 14.950516323487868], [17000.0, 15.930366417953415], [17500.0, 17.136420430651636], [18000.0, 16.964229005739902], [18500.0, 16.391191526302265], [19000.0, 16.74747681911355], [19500.0, 17.608080901034086], [20000.0, 13.819693510945596], [20500.0, 14.138565057956853], [21000.0, 11.277319374707758], [21500.0, 11.398995317453467], [22000.0, 8.19526088786426], [22500.0, 8.051988275267501], [23000.0, 7.818708291327881], [23500.0, 7.976903652545015], [24000.0, 8.42265490291117], [24500.0, 8.440039089376098], [25000.0, 8.297833090551455], [25500.0, 8.919819162306304], [26000.0, 9.234581239838109], [26500.0, 7.094802642077432], [27000.0, 4.816861320286573], [27500.0, 3.0188536386923133], [28000.0, 2.99150100015598], [28500.0, 3.560224398405863], [29000.0, 3.5236608328690373], [29500.0, 3.8726300293744074], [30000.0, 4.052421919326096]], [[5000.0, 27.22937194209547], [5500.0, 19.77142754295044], [6000.0, 22.4679227360129], [6500.0, 22.548551890271213], [7000.0, 21.1872135738545], [7500.0, 21.06078262474072], [8000.0, 22.757223983224023], [8500.0, 20.982045631589003], [9000.0, 21.52528851135969], [9500.0, 19.66602814887847], [10000.0, 19.06104640960413], [10500.0, 17.533781204292847], [11000.0, 17.98458211464115], [11500.0, 17.82932381668774], [12000.0, 17.15699738679108], [12500.0, 13.107626229060275], [13000.0, 12.445916924584358], [13500.0, 11.876155933853843], [14000.0, 11.835196000478769], [14500.0, 12.961180721430583], [15000.0, 13.451657071640089], [15500.0, 10.304985347740004], [16000.0, 10.456088832432055], [16500.0, 9.289415296585766], [17000.0, 9.130400802873421], [17500.0, 5.584070092846153], [18000.0, 5.764974815738936], [18500.0, 5.50852691711145], [19000.0, 5.81942514552675], [19500.0, 5.980075877546391], [20000.0, 6.673410540022153], [20500.0, 6.90757529989912], [21000.0, 7.0390037675480945], [21500.0, 6.904927401589656], [22000.0, 6.8248739828536396], [22500.0, 7.434654490865035], [23000.0, 7.532477113663773], [23500.0, 7.964541766206484], [24000.0, 8.009005689091879], [24500.0, 8.213153824674448], [25000.0, 8.264941238035494], [25500.0, 8.352554632058808], [26000.0, 8.2810076355404], [26500.0, 8.088602979607984], [27000.0, 8.185938965079277], [27500.0, 8.70616002171146], [28000.0, 9.168978899094665], [28500.0, 9.721489187581222], [29000.0, 10.052586421945897], [29500.0, 10.508423096505545], [30000.0, 10.563911958061126]], [[5000.0, 5.972238615493812], [5500.0, 10.378545617652923], [6000.0, 7.5473685247198325], [6500.0, 4.989531618559473], [7000.0, 4.022845221089326], [7500.0, 3.8893230451979166], [8000.0, 4.768095195002784], [8500.0, 5.338118340698501], [9000.0, 5.8642265301559995], [9500.0, 6.350031812282079], [10000.0, 6.966496482547952], [10500.0, 6.526017311526506], [11000.0, 6.567353947287296], [11500.0, 6.585223031568858], [12000.0, 6.632964102866733], [12500.0, 6.698987735292529], [13000.0, 6.967635661420501], [13500.0, 2.9391966022717013], [14000.0, 3.9014321335359528], [14500.0, 4.181233913779373], [15000.0, 5.222928901723984], [15500.0, 6.137812821225886], [16000.0, 6.090652966418894], [16500.0, 6.609993115179448], [17000.0, 6.644908422750653], [17500.0, 6.047399055803588], [18000.0, 6.197837450237648], [18500.0, 6.399621183766926], [19000.0, 6.5232857227070875], [19500.0, 6.935916694067716], [20000.0, 7.347216422503065], [20500.0, 4.645390706692511], [21000.0, 4.977178463066818], [21500.0, 2.6089393428119454], [22000.0, 2.861669109308419], [22500.0, 3.373185209495011], [23000.0, 1.6659968881131675], [23500.0, 2.0796054851487598], [24000.0, 2.41308259712425], [24500.0, 2.751187695603375], [25000.0, 2.9395179720508557], [25500.0, 1.752945281348517], [26000.0, 1.786840439013664], [26500.0, 1.4924417598757795], [27000.0, 1.658711121891077], [27500.0, 2.3879986353220333], [28000.0, 2.675266023771764], [28500.0, 2.851986712423888], [29000.0, 2.8095705744093546], [29500.0, 3.2575540870573527], [30000.0, 3.377900560900854]], [[5000.0, 18.72673876158571], [5500.0, 33.23532541939453], [6000.0, 5.994275078562238], [6500.0, 3.5210731993173754], [7000.0, 5.756310139207768], [7500.0, 9.664537767224731], [8000.0, 