{"num_selected_arms": 2, "selected_arms": [3, 6], "complexity_value": 11.467610678743762, "result": [[[5000.0, 0.4989171734064579], [5500.0, 0.4767604119516049], [6000.0, 0.4647710502658084], [6500.0, 0.48081890769877367], [7000.0, 0.47036925038402433], [7500.0, 0.458881298078597], [8000.0, 0.40815128719355015], [8500.0, 0.4217134973784528], [9000.0, 0.389068681522382], [9500.0, 0.373235875590904], [10000.0, 0.35303656231316505], [10500.0, 0.38365419949469914], [11000.0, 0.36482908938753555], [11500.0, 0.37839304363634774], [12000.0, 0.3655084614616525], [12500.0, 0.388804539694827], [13000.0, 0.37978265310244036], [13500.0, 0.3805643580927115], [14000.0, 0.39181142290561244], [14500.0, 0.3686207224702641], [15000.0, 0.37978793514519965], [15500.0, 0.3769034058987024], [16000.0, 0.37475928025165584], [16500.0, 0.3939777531480201], [17000.0, 0.3540223175833693], [17500.0, 0.35245681200185813], [18000.0, 0.39925877778690705], [18500.0, 0.37696141938263866], [19000.0, 0.3586089436523516], [19500.0, 0.3521077524660864], [20000.0, 0.32988385147307864], [20500.0, 0.34711452665748627], [21000.0, 0.3191027839713358], [21500.0, 0.3102074491426853], [22000.0, 0.32446243228234145], [22500.0, 0.3358021729238126], [23000.0, 0.316687978988559], [23500.0, 0.32506089769025065], [24000.0, 0.3195794162281421], [24500.0, 0.3020279118180878], [25000.0, 0.3031722832398485], [25500.0, 0.2973426057286753], [26000.0, 0.3003415710347539], [26500.0, 0.2917557051593717], [27000.0, 0.29193855810356284], [27500.0, 0.28136315705258164], [28000.0, 0.288735362973656], [28500.0, 0.3055714767141857], [29000.0, 0.3062193115528046], [29500.0, 0.3150785765087912], [30000.0, 0.31328134530456897]], [[5000.0, 0.5296894852744098], [5500.0, 0.46152671152556296], [6000.0, 0.41468647681632875], [6500.0, 0.33539368180541135], [7000.0, 0.3531588532062722], [7500.0, 0.3333902126755676], [8000.0, 0.28263143291224463], [8500.0, 0.2784421234822876], [9000.0, 0.29279203422722316], [9500.0, 0.3068063697806566], [10000.0, 0.30123487113386477], [10500.0, 0.3251022850914705], [11000.0, 0.28010543711249475], [11500.0, 0.2744577416302175], [12000.0, 0.2878911443358422], [12500.0, 0.2676763844683691], [13000.0, 0.26176612614246375], [13500.0, 0.24596950295434464], [14000.0, 0.26102970466937836], [14500.0, 0.26480873857069875], [15000.0, 0.25019858770212844], [15500.0, 0.2815187298884192], [16000.0, 0.27352130515046896], [16500.0, 0.25747471080247275], [17000.0, 0.26947038162089193], [17500.0, 0.23022810701243046], [18000.0, 0.25464539102695427], [18500.0, 0.25307941428755387], [19000.0, 0.2683317098692333], [19500.0, 0.2508220518661241], [20000.0, 0.25039763013380334], [20500.0, 0.24681822670371786], [21000.0, 0.2588171740064632], [21500.0, 0.24922051871968492], [22000.0, 0.2447142158697254], [22500.0, 0.24310130051211049], [23000.0, 0.22219017869589852], [23500.0, 0.20857301041701914], [24000.0, 0.22347871487241125], [24500.0, 0.22033148163609012], [25000.0, 0.23639674931832075], [25500.0, 0.22780145267926055], [26000.0, 0.22611912882154914], [26500.0, 0.21785915555689048], [27000.0, 0.22655103308792393], [27500.0, 0.22461793019665385], [28000.0, 0.21771275792144748], [28500.0, 0.21900088745653146], [29000.0, 0.2241579553065251], [29500.0, 0.22973727510907455], [30000.0, 0.22883380885307658]], [[5000.0, 0.8901965674869154], [5500.0, 0.8557558022282273], [6000.0, 0.7252883461695127], [6500.0, 0.6549159465701898], [7000.0, 0.6170241043698925], [7500.0, 0.587323599401201], [8000.0, 0.5579477258326142], [8500.0, 0.5552447965737042], [9000.0, 0.5290886112510753], [9500.0, 0.5329396676635021], [10000.0, 0.5419236461927197], [10500.0, 0.4473931593188884], [11000.0, 0.4630874021538595], [11500.0, 0.47314014095359186], [12000.0, 0.4699188014102538], [12500.0, 0.46508155607280033], [13000.0, 0.4526938013152906], [13500.0, 0.4199161477228888], [14000.0, 0.4023697914091233], [14500.0, 0.41239279816106555], [15000.0, 0.39837578286567754], [15500.0, 0.4144866619038503], [16000.0, 0.4007817385850286], [16500.0, 0.40518294063158683], [17000.0, 0.39101642036899303], [17500.0, 0.3891703205315931], [18000.0, 0.36207560080212464], [18500.0, 0.33747338798186893], [19000.0, 0.3572226172843214], [19500.0, 0.3295849112258221], [20000.0, 0.32987440490857284], [20500.0, 0.3480148496801723], [21000.0, 0.31070321999012535], [21500.0, 0.29588405032581727], [22000.0, 0.28220725630935894], [22500.0, 0.2814849282704669], [23000.0, 0.28766846806866014], [23500.0, 0.3005297531176191], [24000.0, 0.2893089164128762], [24500.0, 0.2931976316403156], [25000.0, 0.2843566579428988], [25500.0, 0.28327933936282085], [26000.0, 0.273865672183121], [26500.0, 0.2687290804669299], [27000.0, 0.28001142958975506], [27500.0, 0.27748005698954975], [28000.0, 0.2583442491681579], [28500.0, 0.2586516266101555], [29000.0, 0.2630872313598153], [29500.0, 0.2560631479670212], [30000.0, 0.24829675792101763]], [[5000.0, 0.5115814542086895], [5500.0, 0.5624249871594964], [6000.0, 0.48443987016765055], [6500.0, 0.5203011819754717], [7000.0, 0.5030669011792195], [7500.0, 0.501210646112441], [8000.0, 0.5088991486290512], [8500.0, 0.48448021454337387], [9000.0, 0.4463378620710769], [9500.0, 0.42490969484392777], [10000.0, 0.4379559320615636], [10500.0, 0.45071706536848394], [11000.0, 0.4395130210892174], [11500.0, 0.42111976804486984], [12000.0, 0.3939371361309991], [12500.0, 0.3933049937323416], [13000.0, 0.37623089722514746], [13500.0, 0.34696920071502957], [14000.0, 0.33393708874458755], [14500.0, 0.3518183966426139], [15000.0, 0.33794863393120333], [15500.0, 0.3328362137566411], [16000.0, 0.32268267538995893], [16500.0, 0.3345477417728639], [17000.0, 0.32166261130934304], [17500.0, 0.3250619378397349], [18000.0, 0.32127835958735634], [18500.0, 0.3162731189808937], [19000.0, 0.2939300685656823], [19500.0, 0.2901695981512329], [20000.0, 0.2739125147925398], [20500.0, 0.26197060842417763], [21000.0, 0.25738346125320677], [21500.0, 0.271083901077371], [22000.0, 0.2907696850035617], [22500.0, 0.2881630848827607], [23000.0, 0.26961081624643074], [23500.0, 0.25442884863579596], [24000.0, 0.25910620291993613], [24500.0, 0.26378285441307064], [25000.0, 0.2565217165934691], [25500.0, 0.2363351359340855], [26000.0, 0.2351323557371643], [26500.0, 0.2192832159119063], [27000.0, 0.2284703654363664], [27500.0, 0.20678748080685866], [28000.0, 0.19815702908592875], [28500.0, 0.18967584403359802], [29000.0, 0.18243181250617535], [29500.0, 0.19038898767681894], [30000.0, 0.18190946957082485]], [[5000.0, 0.8235453814043551], [5500.0, 0.8421472534847619], [6000.0, 0.7830806385181776], [6500.0, 0.708532131637342], [7000.0, 0.7259406199975555], [7500.0, 0.6815753202125983], [8000.0, 0.6610282672803116], [8500.0, 0.6182498432415755], [9000.0, 0.5797469425708588], [9500.0, 0.6129849317889409], [10000.0, 0.5997712280973863], [10500.0, 0.5902953621190223], [11000.0, 0.5445904143166225], [11500.0, 0.5310062934881359], [12000.0, 0.5306668933302867], [12500.0, 0.5371615299888357], [13000.0, 0.5312963298227658], [13500.0, 0.5093854312926743], [14000.0, 0.4907863310650304], [14500.0, 0.5008360666689319], [15000.0, 0.4993745912341184], [15500.0, 0.5055679051703499], [16000.0, 0.5378688704695609], [16500.0, 0.5099181294430561], [17000.0, 0.4953660634875965], [17500.0, 0.47706296242720003], [18000.0, 0.45427181814701784], [18500.0, 0.44334697721599337], [19000.0, 0.45700629069228743], [19500.0, 0.44714751590074264], [20000.0, 0.4311678661030528], [20500.0, 0.4260560943521385], [21000.0, 0.4011132159512727], [21500.0, 0.3803221502990012], [22000.0, 0.3531610811037087], [22500.0, 0.34951051769154035], [23000.0, 0.34209020814873037], [23500.0, 0.3155166954192352], [24000.0, 0.3099838423169737], [24500.0, 0.30243839222786634], [25000.0, 0.2903408699910105], [25500.0, 0.2735978448232858], [26000.0, 0.2535715824114458], [26500.0, 0.25008167279936], [27000.0, 0.23807749296962916], [27500.0, 0.2466119748244641], [28000.0, 0.238345590382668], [28500.0, 0.25055554478529274], [29000.0, 0.24399809215527204], 