{"num_selected_arms": 3, "selected_arms": [3, 4, 9], "complexity_value": 14.631977347287343, "result": [[[5000.0, 0.4852899484180967], [5500.0, 0.43188871752178165], [6000.0, 0.3797243883565986], [6500.0, 0.39642284706312086], [7000.0, 0.30044394418255393], [7500.0, 0.3198276329069694], [8000.0, 0.34894067969026404], [8500.0, 0.35865011793792745], [9000.0, 0.28454735771353806], [9500.0, 0.2903429543502124], [10000.0, 0.24816954188940288], [10500.0, 0.24501654591274602], [11000.0, 0.3096744224550826], [11500.0, 0.35706452113155673], [12000.0, 0.3149415510167033], [12500.0, 0.3270449824214382], [13000.0, 0.3069310339787022], [13500.0, 0.30716953351957016], [14000.0, 0.2999526738093076], [14500.0, 0.34037249511031603], [15000.0, 0.33798904364710564], [15500.0, 0.34499247384778275], [16000.0, 0.33516090883806915], [16500.0, 0.31873146994204116], [17000.0, 0.3050852501551748], [17500.0, 0.3024988645345845], [18000.0, 0.3144813014353051], [18500.0, 0.3275574235974186], [19000.0, 0.32703767405334055], [19500.0, 0.32697686676448123], [20000.0, 0.33951586711811993], [20500.0, 0.32503401774119034], [21000.0, 0.3384041410661494], [21500.0, 0.3224936334006073], [22000.0, 0.31922054207838846], [22500.0, 0.3147914768029984], [23000.0, 0.2927280389953346], [23500.0, 0.2864956440775912], [24000.0, 0.2820795408264318], [24500.0, 0.28222475817297027], [25000.0, 0.27902771313195807], [25500.0, 0.28331024348180156], [26000.0, 0.30857761518239213], [26500.0, 0.284682880351788], [27000.0, 0.2901527548514171], [27500.0, 0.289706328273921], [28000.0, 0.28727033570835014], [28500.0, 0.27502567834796504], [29000.0, 0.28905915743809907], [29500.0, 0.2896850863547531], [30000.0, 0.282059187709755]], [[5000.0, 0.8657386126051754], [5500.0, 0.8171652314409537], [6000.0, 0.7391246166349024], [6500.0, 0.6816525981902994], [7000.0, 0.5840493426565343], [7500.0, 0.536186707043778], [8000.0, 0.5088413614872064], [8500.0, 0.49562623203024686], [9000.0, 0.5193500069764223], [9500.0, 0.5131181946459922], [10000.0, 0.5174483785710342], [10500.0, 0.4982475377994262], [11000.0, 0.5077571341840548], [11500.0, 0.5192541786218827], [12000.0, 0.5128098265489666], [12500.0, 0.47996608153269477], [13000.0, 0.476351423585833], [13500.0, 0.44876617647269174], [14000.0, 0.4225924510501247], [14500.0, 0.42112631736053924], [15000.0, 0.40929800254927784], [15500.0, 0.3868316907613408], [16000.0, 0.36404596624277613], [16500.0, 0.3393704675351815], [17000.0, 0.3370399543476061], [17500.0, 0.3388200984160687], [18000.0, 0.3295492690375884], [18500.0, 0.3250467945854546], [19000.0, 0.3349632815902244], [19500.0, 0.3312311685345222], [20000.0, 0.3363107728853722], [20500.0, 0.349224018088526], [21000.0, 0.3523369280819687], [21500.0, 0.3318709838095317], [22000.0, 0.3382359739797237], [22500.0, 0.3466684235129753], [23000.0, 0.3327259708411984], [23500.0, 0.31932384959528454], [24000.0, 0.32367339353770697], [24500.0, 0.31166277831472233], [25000.0, 0.31408859507986925], [25500.0, 0.3039529907984119], [26000.0, 0.30395521577584367], [26500.0, 0.3116278727418755], [27000.0, 0.30569913544528293], [27500.0, 0.31994634955742973], [28000.0, 0.31032117993610087], [28500.0, 0.2949867289662299], [29000.0, 0.295174577044755], [29500.0, 0.2800051681333863], [30000.0, 0.266697176561566]], [[5000.0, 0.5977860998660514], [5500.0, 0.6658879146318109], [6000.0, 0.528152557116284], [6500.0, 0.4999543360062248], [7000.0, 0.48634801289263674], [7500.0, 0.5473782756851433], [8000.0, 0.5436654964683219], [8500.0, 0.4910952340322558], [9000.0, 0.4506724035435126], [9500.0, 0.41586965408779497], [10000.0, 0.38924961557391724], [10500.0, 0.4329329740753503], [11000.0, 0.3842456739020385], [11500.0, 0.3693426329389904], [12000.0, 0.34573290704396], [12500.0, 0.3471976955768272], [13000.0, 0.3250099979820243], [13500.0, 0.30447617458692244], [14000.0, 0.2749112672217294], [14500.0, 0.2796378054578416], [15000.0, 0.29377644770047295], [15500.0, 0.3172099836261414], [16000.0, 0.32235310199445594], [16500.0, 0.3095374917158388], [17000.0, 0.3229503919105074], [17500.0, 0.29374430493554227], [18000.0, 0.2879946595188222], [18500.0, 0.30025864398979374], [19000.0, 0.2928169798752998], [19500.0, 0.29417055681111703], [20000.0, 0.27795148514852935], [20500.0, 0.2789346013380291], [21000.0, 0.3053768184302193], [21500.0, 0.32500043097202447], [22000.0, 0.32085643162695965], [22500.0, 0.3312352106391651], [23000.0, 0.32235562514725324], [23500.0, 0.3324406572619691], [24000.0, 0.3210616471299282], [24500.0, 0.3114624842207378], [25000.0, 0.3050248939743433], [25500.0, 0.2894278386505428], [26000.0, 0.28423622375366314], [26500.0, 0.27075637482902665], [27000.0, 0.27000307251598454], [27500.0, 0.2620317021864052], [28000.0, 0.2650322961035558], [28500.0, 0.2674696977570163], [29000.0, 0.26544695677617747], [29500.0, 0.2594112839133987], [30000.0, 0.246797969631599]], [[5000.0, 0.7316581889913545], [5500.0, 0.6189864129533771], [6000.0, 0.6364679626721488], [6500.0, 0.6440302324296923], [7000.0, 0.6482039661475751], [7500.0, 0.5628244154876445], [8000.0, 0.4595284564081049], [8500.0, 0.5066541930525401], [9000.0, 0.47123279819055347], [9500.0, 0.4928083417438662], [10000.0, 0.4623442584358477], [10500.0, 0.4022529666497249], [11000.0, 0.40078168940207576], [11500.0, 0.37962260788440316], [12000.0, 0.3910590007644934], [12500.0, 0.34803326276122604], [13000.0, 0.3336738154975037], [13500.0, 0.3289187915340654], [14000.0, 0.36109229063942117], [14500.0, 0.3192322603997836], [15000.0, 0.3337141448050715], [15500.0, 0.3028728410576578], [16000.0, 0.293011300471772], [16500.0, 0.3001464406943215], [17000.0, 0.262533543051259], [17500.0, 0.26162068444216113], [18000.0, 0.24165875293481098], [18500.0, 0.22696661523298245], [19000.0, 0.2580881746369227], [19500.0, 0.24059771773923472], [20000.0, 0.21581183944310817], [20500.0, 0.22373958893448437], [21000.0, 0.22702821820680133], [21500.0, 0.2211043002599056], [22000.0, 0.19486149887835558], [22500.0, 0.20993219755266712], [23000.0, 0.22746803862738402], [23500.0, 0.22230534596512103], [24000.0, 0.2109502986246651], [24500.0, 0.2255788069967934], [25000.0, 0.2367122193905505], [25500.0, 0.2376121969191653], [26000.0, 0.26354536751082375], [26500.0, 0.25252208004359855], [27000.0, 0.24675758794372138], [27500.0, 0.2491722446473097], [28000.0, 0.2534404969874573], [28500.0, 0.2363557408401086], [29000.0, 0.22417530442746786], [29500.0, 0.20869262197417937], [30000.0, 0.21945798923297974]], [[5000.0, 0.5432655701679178], [5500.0, 0.46787236426026846], [6000.0, 0.5021590038311433], [6500.0, 0.5443334865927313], [7000.0, 0.545649572648204], [7500.0, 0.5970791998558367], [8000.0, 0.5201157140407707], [8500.0, 0.5035276585639562], [9000.0, 0.44725666524466345], [9500.0, 0.4619882843539409], [10000.0, 0.4949154148905231], [10500.0, 0.4677873751994709], [11000.0, 0.4094659695531856], [11500.0, 0.37534293499979154], [12000.0, 0.35156781741153315], [12500.0, 0.33297672300975256], [13000.0, 0.29716686420932376], [13500.0, 0.2991415774153031], [14000.0, 0.31820259595236117], [14500.0, 0.33405668100155844], [15000.0, 0.3042066613801433], [15500.0, 0.31701759453561096], [16000.0, 0.3043579258087269], [16500.0, 0.2976804345284836], [17000.0, 0.29498660521144143], [17500.0, 0.27353913461485074], [18000.0, 0.2851123433009107], [18500.0, 0.28292558101027926], [19000.0, 0.2832206361558603], [19500.0, 0.2833182951439875], [20000.0, 0.2637478960552986], [20500.0, 0.2781310079372553], [21000.0, 0.2726074669366904], [21500.0, 0.2589915684790094], [22000.0, 0.2394941740775518], [22500.0, 0.23404031765524777], [23000.0, 0.2536123546092588], [23500.0, 0.23206022664336534], [24000.0, 0.2321283519571741], [24500.0, 0.24408650211584249], [25000.0, 0.23723502362005738], [25500.0, 0.23231242468059873], [26000.0, 0.22725992673308612], [26500.0, 0.24474811382047743], [27000.0, 0.23013252018116206], [27500.0, 0.21313736376453024], [28000.0, 0.2200494404032046], [28500.0, 0.24328844310669245], [29000.0, 0.2459509609901128], 