{"num_selected_arms": 5, "selected_arms": [3, 4, 6, 7, 9], "complexity_value": 24.9391697665278, "result": [[[5000.0, 0.4503513296610737], [5500.0, 0.4210032988568659], [6000.0, 0.3939217418500905], [6500.0, 0.4245495607514434], [7000.0, 0.3812139051348027], [7500.0, 0.3298264257597223], [8000.0, 0.3799367197830087], [8500.0, 0.37523158617674596], [9000.0, 0.3583968010813195], [9500.0, 0.33978146397834064], [10000.0, 0.35830124755351245], [10500.0, 0.35252893457837725], [11000.0, 0.3416561027586747], [11500.0, 0.34471603458622485], [12000.0, 0.3437497354204985], [12500.0, 0.36022344950676183], [13000.0, 0.3521331247896731], [13500.0, 0.3329699113491204], [14000.0, 0.33508552227996197], [14500.0, 0.3172613625494084], [15000.0, 0.2926852081427271], [15500.0, 0.28897403731821103], [16000.0, 0.2960676012098992], [16500.0, 0.308124932548008], [17000.0, 0.32701983188041067], [17500.0, 0.34220037624574984], [18000.0, 0.3522870944648803], [18500.0, 0.3152781037948977], [19000.0, 0.3182186431583785], [19500.0, 0.2957441434732759], [20000.0, 0.28990931517818963], [20500.0, 0.2777766467268481], [21000.0, 0.2783882357639227], [21500.0, 0.2529742007733306], [22000.0, 0.261761025180548], [22500.0, 0.2425077763120049], [23000.0, 0.24592951367426003], [23500.0, 0.2545716368572589], [24000.0, 0.2415061288474939], [24500.0, 0.23203582525985988], [25000.0, 0.2241739218453442], [25500.0, 0.20689434790243363], [26000.0, 0.20496524247732706], [26500.0, 0.19372586812949577], [27000.0, 0.19086809886196915], [27500.0, 0.1942955557172391], [28000.0, 0.20794731065335098], [28500.0, 0.22084084984515684], [29000.0, 0.20501286015792697], [29500.0, 0.20007951978031835], [30000.0, 0.18912998213993176]], [[5000.0, 0.7523734123723902], [5500.0, 0.6454302396753706], [6000.0, 0.5669139471817883], [6500.0, 0.5629875511130513], [7000.0, 0.5350009282914985], [7500.0, 0.46352023195765063], [8000.0, 0.4773525977609734], [8500.0, 0.4660021709151123], [9000.0, 0.44081809282333007], [9500.0, 0.40625705998176204], [10000.0, 0.41747436950046934], [10500.0, 0.3856970022384279], [11000.0, 0.36487002550661074], [11500.0, 0.365185173246061], [12000.0, 0.33579024503184274], [12500.0, 0.33320638543368286], [13000.0, 0.3219863770321366], [13500.0, 0.3037248949731122], [14000.0, 0.3106607896015324], [14500.0, 0.32844382449919796], [15000.0, 0.30687531632765286], [15500.0, 0.28191001117409836], [16000.0, 0.2808771196065434], [16500.0, 0.26811102663841235], [17000.0, 0.2991536966497246], [17500.0, 0.2954605569156092], [18000.0, 0.29249344522856197], [18500.0, 0.28814510139027927], [19000.0, 0.2851220038131859], [19500.0, 0.2890214865118253], [20000.0, 0.28148798379402784], [20500.0, 0.28633615832943243], [21000.0, 0.2985180364891042], [21500.0, 0.28509430309879324], [22000.0, 0.2704533535607913], [22500.0, 0.25888549855801746], [23000.0, 0.2504016965109841], [23500.0, 0.25677308281251243], [24000.0, 0.23217436508541425], [24500.0, 0.24371870984382063], [25000.0, 0.25669606180589954], [25500.0, 0.2644911927660502], [26000.0, 0.24868684814347655], [26500.0, 0.23512094246733675], [27000.0, 0.2240959590786285], [27500.0, 0.21270948317167868], [28000.0, 0.23357759029215192], [28500.0, 0.24377592933823636], [29000.0, 0.25861986044934193], [29500.0, 0.26646884118314595], [30000.0, 0.2813319279127457]], [[5000.0, 0.48390027542248476], [5500.0, 0.46144668314160775], [6000.0, 0.4779177691580565], [6500.0, 0.5057258063713267], [7000.0, 0.4732108535747894], [7500.0, 0.49894962941443927], [8000.0, 0.4682779244236733], [8500.0, 0.5090984019990951], [9000.0, 0.48890692129658253], [9500.0, 0.5243222064123433], [10000.0, 0.5129596077257587], [10500.0, 0.5117525557451137], [11000.0, 0.48442945110203595], [11500.0, 0.5285991446871354], [12000.0, 0.5225476612599846], [12500.0, 0.4771723815601761], [13000.0, 0.4565627097529228], [13500.0, 0.45791993534327957], [14000.0, 0.4508611382061475], [14500.0, 0.44064041395274256], [15000.0, 0.46452329015369154], [15500.0, 0.48191816862046544], [16000.0, 0.4757986810059276], [16500.0, 0.48255680302226467], [17000.0, 0.4983753097251355], [17500.0, 0.4684107667053106], [18000.0, 0.45248255203181226], [18500.0, 0.4312781591718138], [19000.0, 0.406485310030645], [19500.0, 0.415632035224649], [20000.0, 0.4118125269675616], [20500.0, 0.4108882880518956], [21000.0, 0.4045056380812273], [21500.0, 0.404045779755344], [22000.0, 0.4086991268381536], [22500.0, 0.38783480519530356], [23000.0, 0.39812747017524724], [23500.0, 0.39229653875082543], [24000.0, 0.3873462928263981], [24500.0, 0.38658337748595284], [25000.0, 0.35709091368644946], [25500.0, 0.367954200089583], [26000.0, 0.35996942480022165], [26500.0, 0.35945379526028154], [27000.0, 0.35405983566980803], [27500.0, 0.36651687531529337], [28000.0, 0.37063018233445055], [28500.0, 0.36631661551063893], [29000.0, 0.3608453251148534], [29500.0, 0.3306859836249641], [30000.0, 0.3407237806837289]], [[5000.0, 0.5502099378458255], [5500.0, 0.46639425482293095], [6000.0, 0.5143568117404423], [6500.0, 0.49350548475581546], [7000.0, 0.49329641531920243], [7500.0, 0.5425950378342359], [8000.0, 0.5570047180769868], [8500.0, 0.5892260795816917], [9000.0, 0.5468787419067829], [9500.0, 0.5101577013367762], [10000.0, 0.44957421799372593], [10500.0, 0.4201125130121827], [11000.0, 0.42883680637416066], [11500.0, 0.4368024003892366], [12000.0, 0.42115942829699643], [12500.0, 0.4118137576475814], [13000.0, 0.41908674868551293], [13500.0, 0.40291969729070215], [14000.0, 0.37511869196547193], [14500.0, 0.40621107534802575], [15000.0, 0.40066202343562435], [15500.0, 0.40345400651294144], [16000.0, 0.39574225846091304], [16500.0, 0.3988773259318463], [17000.0, 0.3882398579257035], [17500.0, 0.3673232963522873], [18000.0, 0.39344055226847763], [18500.0, 0.39459421346246804], [19000.0, 0.38279023521811567], [19500.0, 0.3668934016931156], [20000.0, 0.3656648675727916], [20500.0, 0.3567895019421871], [21000.0, 0.3564112965947722], [21500.0, 0.36023165102101834], [22000.0, 0.3572309396212603], [22500.0, 0.34063854786020276], [23000.0, 0.3241408553484168], [23500.0, 0.31144702532736096], [24000.0, 0.31245778481373], [24500.0, 0.3230466060790152], [25000.0, 0.30697770487321535], [25500.0, 0.31500639032438904], [26000.0, 0.30030865335838475], [26500.0, 0.2815573988654297], [27000.0, 0.28668345314220817], [27500.0, 0.2800614552996612], [28000.0, 0.27141268995607293], [28500.0, 0.2766431681546412], [29000.0, 0.25391954800447464], [29500.0, 0.25349312907353616], [30000.0, 0.24695318017432574]], [[5000.0, 0.7116847975978104], [5500.0, 0.6656462939836603], [6000.0, 0.6102606105851027], [6500.0, 0.6634800568819983], [7000.0, 0.656534526562291], [7500.0, 0.6757715611352936], [8000.0, 0.6409690309422316], [8500.0, 0.6131569153452516], [9000.0, 0.5870098002484835], [9500.0, 0.587986986550882], [10000.0, 0.5545458282654923], [10500.0, 0.5365332955990503], [11000.0, 0.5207570954499553], [11500.0, 0.5052307163825694], [12000.0, 0.46786966198624147], [12500.0, 0.4291409845408656], [13000.0, 0.4363862250662611], [13500.0, 0.42133089999243634], [14000.0, 0.3879372824233475], [14500.0, 0.42139629108457094], [15000.0, 0.4219159528219796], [15500.0, 0.41951054656706577], [16000.0, 0.40916137703370326], [16500.0, 0.37213825247155113], [17000.0, 0.3778314883881058], [17500.0, 0.37658273320410857], [18000.0, 0.4134682698527373], [18500.0, 0.412956924763796], [19000.0, 0.4032746831906252], [19500.0, 0.39947970764159296], [20000.0, 0.39543099178721863], [20500.0, 0.3843667019518589], [21000.0, 0.3811902894039672], [21500.0, 0.3514688419608099], [22000.0, 0.3603066740202044], [22500.0, 0.3751103755976592], [23000.0, 0.3448406661146195], [23500.0, 0.33093675742936596], [24000.0, 0.3376808021548956], [24500.0, 0.3364561775656773], [25000.0, 0.32227472210907854], [25500.0, 0.3118472242320015], [26000.0, 0.32877261708912986], [26500.0, 0.3371578071478934], [27000.0, 0.3212473174810024], [27500.0, 0.32187218242437343], [28000.0, 0.3169110767814878], [28500.0, 0.32835473574262475], [29000.0, 