{"num_selected_arms": 2, "selected_arms": [0, 5], "complexity_value": 11.826098072887874, "result": [[[5000.0, 0.7947211819119038], [5500.0, 0.7302810359929164], [6000.0, 0.6506935045104322], [6500.0, 0.6728202368153557], [7000.0, 0.5750854841004007], [7500.0, 0.5543348008272444], [8000.0, 0.5273184203369043], [8500.0, 0.5107041917384179], [9000.0, 0.5406683987023088], [9500.0, 0.5566269196389984], [10000.0, 0.5240192184815985], [10500.0, 0.47482593055231354], [11000.0, 0.4538088991101048], [11500.0, 0.4580925186437508], [12000.0, 0.46377021953304703], [12500.0, 0.44910617184338664], [13000.0, 0.40839521602529205], [13500.0, 0.42184319061016046], [14000.0, 0.4109157771805704], [14500.0, 0.3892445590508422], [15000.0, 0.36597197446004254], [15500.0, 0.33029359444178746], [16000.0, 0.35700635364976585], [16500.0, 0.34897300526504454], [17000.0, 0.3566965150024028], [17500.0, 0.3320883891061266], [18000.0, 0.31612080292854344], [18500.0, 0.32302018115769165], [19000.0, 0.2983636481092152], [19500.0, 0.27391774292876186], [20000.0, 0.2512106556731016], [20500.0, 0.25543573633157013], [21000.0, 0.25043860480454627], [21500.0, 0.2454736504580899], [22000.0, 0.25921982436834445], [22500.0, 0.250022706680945], [23000.0, 0.24915213297768876], [23500.0, 0.24071120316174333], [24000.0, 0.2499518665969921], [24500.0, 0.23992819714586472], [25000.0, 0.23081594310440617], [25500.0, 0.24019676632905257], [26000.0, 0.24024352122917447], [26500.0, 0.23440149748904376], [27000.0, 0.23639599000367423], [27500.0, 0.2292150788522021], [28000.0, 0.22429205679056322], [28500.0, 0.2236611272286999], [29000.0, 0.22171434881763807], [29500.0, 0.2142001205531943], [30000.0, 0.21170583845178237]]]}