{"num_selected_arms": 3, "selected_arms": [3, 7, 9], "complexity_value": 14.114290474359237, "result": [[[5000.0, 0.6703816868076853], [5500.0, 0.6486143084477074], [6000.0, 0.6592015107416328], [6500.0, 0.6782660867361594], [7000.0, 0.6005237627359983], [7500.0, 0.6149106435893421], [8000.0, 0.6081301056900267], [8500.0, 0.5748339773931582], [9000.0, 0.5748989602639427], [9500.0, 0.5513460759875111], [10000.0, 0.5386363236152065], [10500.0, 0.5046968885475337], [11000.0, 0.47071228282342564], [11500.0, 0.5002913147710988], [12000.0, 0.4876765193050075], [12500.0, 0.4501319610834075], [13000.0, 0.38906433378554295], [13500.0, 0.38718578024848216], [14000.0, 0.39051183013423646], [14500.0, 0.3954716804079688], [15000.0, 0.3927522763398157], [15500.0, 0.3981278815826941], [16000.0, 0.3925836729215823], [16500.0, 0.3797938300529599], [17000.0, 0.3657952088521902], [17500.0, 0.34925547271077567], [18000.0, 0.32608782243339796], [18500.0, 0.32706364176728625], [19000.0, 0.3326959824994655], [19500.0, 0.3225224911820126], [20000.0, 0.2988821198183544], [20500.0, 0.30650345614661156], [21000.0, 0.29076409535090786], [21500.0, 0.3087862409774272], [22000.0, 0.28340902615686187], [22500.0, 0.2977825828825893], [23000.0, 0.29791007628586025], [23500.0, 0.29322541233982574], [24000.0, 0.2790003442886218], [24500.0, 0.2792902370465405], [25000.0, 0.27040833811571263], [25500.0, 0.27022997866214027], [26000.0, 0.2546957699264107], [26500.0, 0.24527762469703907], [27000.0, 0.24393491021766123], [27500.0, 0.23748298934819478], [28000.0, 0.22865310426197552], [28500.0, 0.233259896420314], [29000.0, 0.23446411392329516], [29500.0, 0.2419182038220819], [30000.0, 0.2344419225981922]]]}