{"num_selected_arms": 5, "selected_arms": [1, 7, 8, 9, 15], "complexity_value": 2240.1030594517497, "min_min_singular_value": 0.029801913301356904, "result": [[[20000.0, 123.55386006704434], [21000.0, 148.3250800011125], [22000.0, 500.2083682955875], [23000.0, 147.457105797648], [24000.0, 71.70124382941236], [25000.0, 61.65429869671353], [26000.0, 69.84602252241497], [27000.0, 83.33726656153628], [28000.0, 145.99684290948866], [29000.0, 120.64850707140731], [30000.0, 125.19292305659204], [31000.0, 78.24315238410381], [32000.0, 83.68572242767601], [33000.0, 84.06109259878394], [34000.0, 77.56717441322408], [35000.0, 83.9030777749753], [36000.0, 137.68583837535033], [37000.0, 207.41232371631472], [38000.0, 149.5321440887723], [39000.0, 134.80525410762203], [40000.0, 157.1221275314526], [41000.0, 163.95350329097388], [42000.0, 173.929159680145], [43000.0, 288.3275934638578], [44000.0, 1178.6211757290846], [45000.0, 467.8348714059222], [46000.0, 354.1155038971889], [47000.0, 225.51768568817866], [48000.0, 408.41165242576585], [49000.0, 135.30675561880585], [50000.0, 105.35677210433865], [51000.0, 120.80982918377337], [52000.0, 126.3579398009621], [53000.0, 136.96570941511203], [54000.0, 353.4576588831698], [55000.0, 213.13977466871623], [56000.0, 264.171645519696], [57000.0, 875.4023117245429], [58000.0, 647.4382388044733], [59000.0, 142.1226583543642], [60000.0, 211.31189806934776], [61000.0, 235.2187291366995], [62000.0, 214.17383127930853], [63000.0, 252.75372832440732], [64000.0, 88.81233961698382], [65000.0, 93.32295795297175], [66000.0, 84.54832641584572], [67000.0, 81.19335213683014], [68000.0, 79.38220291970731], [69000.0, 86.67122279661362], [70000.0, 115.97590855284376]], [[20000.0, 94.60839874924208], [21000.0, 247.52652580542025], [22000.0, 138.58589530885004], [23000.0, 68.97430919134389], [24000.0, 62.202604910022565], [25000.0, 65.75807896445434], [26000.0, 53.29047558981179], [27000.0, 53.554665040516234], [28000.0, 59.85183274044901], [29000.0, 61.32490294430734], [30000.0, 57.9076064408387], [31000.0, 68.61907535000107], [32000.0, 73.77937461436163], [33000.0, 114.63398927619697], [34000.0, 655.3803908988499], [35000.0, 203.10109434395966], [36000.0, 819.0652592549862], [37000.0, 1062.6786438751742], [38000.0, 123.49759243125615], [39000.0, 178.86652456509736], [40000.0, 104.92260343968776], [41000.0, 156.78708528302587], [42000.0, 552.8053298426124], [43000.0, 132.70131332089096], [44000.0, 133.8624944614163], [45000.0, 316.79420713052593], [46000.0, 143.0138681989352], [47000.0, 129.1411870767683], [48000.0, 169.85575432355645], [49000.0, 415.07224822364725], [50000.0, 332.5512371360273], [51000.0, 419.62531972384477], [52000.0, 1507.9870644373768], [53000.0, 2180.2280163191367], [54000.0, 270.0506021436878], [55000.0, 276.2165720446513], [56000.0, 132.6415763642264], [57000.0, 144.39557048635857], [58000.0, 343.00604502391684], [59000.0, 185.28429928763694], [60000.0, 252.89630751407444], [61000.0, 1847.2402711478546], [62000.0, 1542.4768235964752], [63000.0, 222.58892567461396], [64000.0, 219.40650956710286], [65000.0, 130.2713414312133], [66000.0, 117.23219489071802], [67000.0, 118.5316794370596], [68000.0, 98.40194786276592], [69000.0, 110.83367030487845], [70000.0, 114.78895548560695]]]}