{"num_samples_to_discard": 250, "num_checkpoints": 5, "num_samples_checkpoint": 20000, "num_experiments": 1, "estimated_action_state_dist": [[[[[[0.004609977267442241, 0.0023609322722677357, 0.005735228348115473], [0.002758451786171332, 0.0055313642497206725, 0.0058212053196162435], [0.017274307350820656, 0.0014538423924454061, 0.014558546574294498]], [[0.014570384958759588, 0.010376667914779952, 0.019807552212766946], [0.00733350296348907, 0.016738444024427, 0.015269448439620194], [0.05007632238765877, 0.00572356255424725, 0.04510130382761093]]], [[[-6.64515256920985e-05, 0.012450048201324893, 0.03373365049134315], [0.016827455295376312, 0.014029972426486959, 0.002887805794222097], [0.022843071407298902, 0.00788645625847301, 0.07958849787658195]], [[-8.794692735299175e-05, 0.03967665119967308, 0.09489793336295395], [0.0493170025870468, 0.04117441498908102, 0.014446229749626257], [0.06618185987073984, 0.024990586700365306, 0.23317669014818157]]]], [[[[0.004594035553132793, 0.00365269312913866, 0.005424770488292199], [0.0024145103796004938, 0.0057299154433596506, 0.00512009033006845], [0.016675892153952307, 0.0011835553298700095, 0.014854598447288187]], [[0.01595659776756859, 0.010709983306376313, 0.018845155350687932], [0.005877847688495534, 0.016535221110677047, 0.015330044124928426], [0.05019580335241795, 0.0060046185373771625, 0.045721485082183384]]], [[[-0.00010023354814661565, 0.013384863763016494, 0.03372022761971022], [0.017023397099517133, 0.01480847644795429, 0.00425606509425916], [0.021973826183677405, 0.008724093419126824, 0.0770165854645939]], [[0.00040423192517841024, 0.04088938976899652, 0.09637262403998711], [0.046111776575173895, 0.04326355662607549, 0.014303354004589798], [0.06400131211027688, 0.025736003974188737, 0.2317152772521922]]]], [[[[0.004221787694518788, 0.0035737434796743114, 0.006200637969505362], [0.0020974382607931203, 0.005907022685474676, 0.005189383763464076], [0.01646022854984421, 0.0016580041626653953, 0.015687107487571763]], [[0.015926968104612468, 0.010412210454668863, 0.01921073066901926], [0.006238511337121904, 0.01634167222420642, 0.015168947435808915], [0.05024972827691021, 0.006827426430593974, 0.04503555155557965]]], [[[9.333094304924158e-05, 0.013886159980220691, 0.032734460459201364], [0.016462337563206298, 0.014399152018059214, 0.004994203174711432], [0.021208725295674757, 0.008103030614785898, 0.07789592852091619]], [[0.00018547004299449715, 0.040291878654174676, 0.09542961867130723], [0.047662038621802245, 0.04328902318494797, 0.015307071352868141], [0.06411884895182696, 0.02561212272584973, 0.23134015156729212]]]], [[[[0.004730974454429292, 0.0037470626322328865, 0.006271361328468301], [0.0021211500784863125, 0.005536559288898274, 0.005012277792513322], [0.016281910245353734, 0.002312535050174695, 0.01579594734889345]], [[0.015891899487766536, 0.010470780683158931, 0.01943428413577416], [0.006595211597810705, 0.016197798592322482, 0.014545695832920943], [0.04973463633459845, 0.006760322341443659, 0.04469739382290855]]], [[[6.173030307083675e-06, 0.01361080071796772, 0.033353579270824864], [0.015957895503653237, 0.01457904882007693, 0.0049325411943108], [0.021178701944955577, 0.007991674204392153, 0.07814085792930409]], [[0.0002662582984188636, 0.040586581966286256, 0.09692207145805783], [0.0465050801138945, 0.043614494591020896, 0.015422181190704154], [0.06289450118960169, 0.025883130516523488, 0.23227551293249676]]]], [[[[0.004587071462944508, 0.003778231608072155, 0.0064870420058337815], [0.002025507546727419, 0.0056134932144481006, 0.004783045188632763], [0.016530723833721155, 0.002311282928680439, 0.016132836351542442]], [[0.015721385407320314, 0.010393506745621874, 0.019060680288213817], [0.006690781076724216, 0.01573451652855441, 0.014431024996831295], [0.05015271158711274, 0.007145977322601847, 0.04550761665241557]]], [[[9.305939222762823e-05, 0.013190280416698383, 0.03346173311316852], [0.01602278552800628, 0.01467236010327839, 0.004838135110387594], [0.02093024119058871, 0.007579782807008164, 0.07919392783038474]], [[0.0005477865603260443, 0.04001686446807266, 0.09619354393624702], [0.04650392076881109, 0.04352405457299656, 0.015493024097533082], [0.0622104461686164, 0.02557053449562732, 0.2330182269279918]]]]]], "estimated_transition_matrix": [[[[[0.3337994121453768, 0.22167482576377384, 0.44452576209084943], [-0.0008549010626994373, 0.28862446374325484, 0.7122304373194446]], [[0.18880259036036032, 0.4166286505722939, 0.39456875906734573], [0.47694753296809145, 0.3980620180404652, 0.12499044899144338]], [[0.5019128939603906, 0.053487726869195965, 0.4445993791704133], [0.204811724941052, 0.0756372825307851, 0.7195509925281629]]], [[[0.3472374079251818, 0.24268150078433184, 0.41008109129048637], [0.0016461610460817655, 0.2938968386670734, 0.7044570002868449]], [[0.16257093729169408, 0.4365060081575084, 0.4009230545507975], [0.45171852215668845, 0.4154928454620021, 0.1327886323813094]], [[0.49668527658807843, 0.05338970544087301, 0.4499250179710486], [0.20033021779551624, 0.08029529179068562, 0.7193744904137981]]], [[[0.3383725066369107, 0.23487615501678327, 0.42675133834630596], [0.0015266651156429578, 0.2966694013202374, 0.7018039335641197]], [[0.16363295394993999, 0.43673724592968954, 0.39962980012037047], [0.4512184213736776, 0.4059293656429286, 0.14285221298339382]], [[0.4908101504006925, 0.06243049259510204, 0.44675935700420555], [0.1992337064503658, 0.07872244140110359, 0.7220438521485306]]], [[[0.3406129289210005, 0.2348257215831984, 0.4245613494958012], [0.0014746306714841662, 0.2933624528211385, 0.7051629165073773]], [[0.17429692962399634, 0.4346115944623404, 0.39109147591366333], [0.4429645111364619, 0.41268726399185013, 0.14434822487168802]], [[0.4869096470214016, 0.06691749294516956, 0.4461728600334287], [0.1962656264424048, 0.07907941557221188, 0.7246549579853834]]], [[[0.3383168650515476, 0.23608579040648814, 0.42559734454196424], [0.0034922863223842316, 0.2899520291791803, 0.7065556844984355]], [[0.17687859561073777, 0.4332125914540148, 0.38990881293524754], [0.4432811696077405, 0.4125816997654541, 0.1441371306268054]], [[0.48398083527092506, 0.06863972569655712, 0.44737943903251787], [0.19402584445747836, 0.07736306389780011, 0.7286110916447215]]]]], "error_frobenious_norm": [[0.059793580319728964, 0.059289279131286815, 0.05261627304031946, 0.037276093049957285, 0.03147708688469523]]}