{
  "num_samples_to_discard": 250,
  "num_checkpoints": 5,
  "num_samples_checkpoint": 20000,
  "num_experiments": 1,
  "estimated_action_state_dist": [
    [
      [
        [
          [
            [
              0.003676794894053197,
              0.003764452461765641,
              0.0065346314004416095
            ],
            [
              0.0031324938617608047,
              0.005167749838594133,
              0.005508501760480437
            ],
            [
              0.018869328481447564,
              0.00137508148638322,
              0.015674952734087956
            ]
          ],
          [
            [
              0.014641419131203355,
              0.00984925072643645,
              0.021309432593357564
            ],
            [
              0.007427130190246605,
              0.015177900312475455,
              0.012385819268593954
            ],
            [
              0.05381760264820358,
              0.0078044101789499064,
              0.049555964327079496
            ]
          ]
        ],
        [
          [
            [
              -0.00032863876729404424,
              0.012491421568548863,
              0.03329083013640841
            ],
            [
              0.015263752339816212,
              0.016209739523167767,
              0.003425977027619881
            ],
            [
              0.021439824790697035,
              0.010403904760394092,
              0.07525164649947132
            ]
          ],
          [
            [
              0.001500094068905681,
              0.03563544991289272,
              0.09621106970946526
            ],
            [
              0.04648148395083183,
              0.04385935706090088,
              0.014852033273762165
            ],
            [
              0.06282324659455266,
              0.02250286649271484,
              0.23406802334890012
            ]
          ]
        ]
      ],
      [
        [
          [
            [
              0.003988425348396247,
              0.003593384975090815,
              0.006492962062625963
            ],
            [
              0.0024046467060352653,
              0.004481513473912392,
              0.004899870200963934
            ],
            [
              0.018081635065673732,
              0.002316413487019039,
              0.015748259190905087
            ]
          ],
          [
            [
              0.014641355636214793,
              0.01092049395003692,
              0.021015513967773774
            ],
            [
              0.005802268283307822,
              0.015330727093829623,
              0.01311047420172885
            ],
            [
              0.05356288813245594,
              0.007468427936938879,
              0.04912829526648622
            ]
          ]
        ],
        [
          [
            [
              -0.0004705235033429097,
              0.012632275989579715,
              0.03339391160700618
            ],
            [
              0.01569347542029717,
              0.015624943048870335,
              0.003771555538380771
            ],
            [
              0.021078256677748933,
              0.009073224394394877,
              0.07667585184531457
            ]
          ],
          [
            [
              0.0008164012731847803,
              0.03628295745096925,
              0.09675652497193499
            ],
            [
              0.0464091363707491,
              0.043975064730391936,
              0.014991160441507882
            ],
            [
              0.062158225943448234,
              0.022732773839991532,
              0.2375202049014978
            ]
          ]
        ]
      ],
      [
        [
          [
            [
              0.004260324862523104,
              0.003941864329167308,
              0.0061884295629273485
            ],
            [
              0.0023234279135542733,
              0.004342002671618196,
              0.004920673008617091
            ],
            [
              0.0175592838587234,
              0.0018478074597026827,
              0.015707430583518915
            ]
          ],
          [
            [
              0.014917936879482077,
              0.011151857170105278,
              0.02050302405553945
            ],
            [
              0.006713247607765347,
              0.015875026392507777,
              0.012157620703934193
            ],
            [
              0.052231334862442025,
              0.007208551762815156,
              0.04969435673457064
            ]
          ]
        ],
        [
          [
            [
              0.00012521577027747787,
              0.012257860697616509,
              0.03273599317716073
            ],
            [
              0.014973389859167678,
              0.015280797835494391,
              0.004880758956857256
            ],
            [
              0.021071861411030523,
              0.008803056256527183,
              0.07777514924222559
            ]
          ],
          [
            [
              0.0009320640085637424,
              0.03587271325599012,
              0.09655206747893201
            ],
            [
              0.04619629518931385,
              0.04372753121991764,
              0.014527252205730229
            ],
            [
              0.061239301069852835,
              0.023574349055840795,
              0.23954633032883374
            ]
          ]
        ]
      ],
      [
        [
          [
            [
              0.004834689342726769,
              0.003924012085097663,
              0.006195352022258434
            ],
            [
              0.0020338970047736383,
              0.004440954899857381,
              0.0047005847446204875
            ],
            [
              0.017457252059551558,
              0.0020627124607377817,
              0.01569547747187658
            ]
          ],
          [
            [
              0.015268510139631033,
              0.011331581419675663,
              0.02039127143892345
            ],
            [
              0.007162984917321923,
              0.015782229603276823,
              0.012589974461162971
            ],
            [
              0.05206657549825398,
              0.007304748970251962,
              0.048373426924514136
            ]
          ]
        ],
        [
          [
            [
              -0.00011775740605019263,
              0.012121941059131128,
              0.032485529957089976
            ],
            [
              0.015284848997499913,
              0.015284405209224172,
              0.004704739152457444
            ],
            [
              0.021485980567551254,
              0.008418170724389112,
              0.07696851584949325
            ]
          ],
          [
            [
              0.0012697669637452707,
              0.03651864512476467,
              0.09707605922143603
            ],
            [
              0.04605916815369191,
              0.043735029390239724,
              0.014429701822079472
            ],
            [
              0.0626417726129604,
              0.023244129739860935,
              0.23782070118135368
            ]
          ]
        ]
      ],
      [
        [
          [
            [
              0.005077393748461524,
              0.003713318867434475,
              0.006185796947389555
            ],
            [
              0.002041749960650029,
              0.00447373180720547,
              0.004970552254371628
            ],
            [
              0.017738885858389862,
              0.0020620412711957557,
              0.01563050276347743
            ]
          ],
          [
            [
              0.014988162027306323,
              0.011197344338803088,
              0.02044979272543033
            ],
            [
              0.007019650094062597,
              0.015916898810204083,
              0.01251889004302954
