{"num_selected_arms": 5, "selected_arms": [1, 3, 4, 6, 9], "complexity_value": 44.828498777980194, "min_min_singular_value": 1.6275489618369525, "result": [[[20000.0, 2.2546012427120274], [21000.0, 2.1416956608325064], [22000.0, 2.13988769394824], [23000.0, 2.184721123795749], [24000.0, 2.1745567509195096], [25000.0, 2.185235685022048], [26000.0, 2.121155342822675], [27000.0, 2.104974342471899], [28000.0, 2.0924637513445834], [29000.0, 1.983102163389539], [30000.0, 1.9429172160701431], [31000.0, 1.9016126073356547], [32000.0, 1.9030204875472243], [33000.0, 1.8958090324584438], [34000.0, 1.9103942255020392], [35000.0, 1.9002506452104164], [36000.0, 1.9022202864473858], [37000.0, 1.883120028499579], [38000.0, 1.7679035780158738], [39000.0, 1.730278482169185], [40000.0, 1.6346306939961852], [41000.0, 1.5743654474283204], [42000.0, 1.5589189128094123], [43000.0, 1.5044128362986986], [44000.0, 1.49539050252712], [45000.0, 1.4464387471034215], [46000.0, 1.4080943168273454], [47000.0, 1.4019101896907278], [48000.0, 1.3491487829855038], [49000.0, 1.3538027448990722], [50000.0, 1.3237655720964616], [51000.0, 1.3332694392428142], [52000.0, 1.318252215906772], [53000.0, 1.3081887184728767], [54000.0, 1.282473245384493], [55000.0, 1.326257678436373], [56000.0, 1.286894281349433], [57000.0, 1.278173854938062], [58000.0, 1.2701984639501702], [59000.0, 1.2559256028599441], [60000.0, 1.248450356006288], [61000.0, 1.2134050153091287], [62000.0, 1.1861406218532358], [63000.0, 1.1816215402959158], [64000.0, 1.1664824368024487], [65000.0, 1.2001480819190509], [66000.0, 1.1572891348910823], [67000.0, 1.1693269853708959], [68000.0, 1.1443971957569243], [69000.0, 1.1554265867680602], [70000.0, 1.1252190158909479]], [[20000.0, 2.194294292016596], [21000.0, 2.326296630333958], [22000.0, 2.162511148390494], [23000.0, 2.0549408496053965], [24000.0, 2.081397497248833], [25000.0, 2.0705659344868446], [26000.0, 2.082870826286898], [27000.0, 1.976745666302703], [28000.0, 1.9461484338347168], [29000.0, 1.9243998184063202], [30000.0, 1.9461588376898573], [31000.0, 1.8981818430949193], [32000.0, 1.876923644822014], [33000.0, 1.7996508169802692], [34000.0, 1.7601347437916146], [35000.0, 1.6510101453694723], [36000.0, 1.691161531055688], [37000.0, 1.6528391911770943], [38000.0, 1.597120981649475], [39000.0, 1.5991424397840786], [40000.0, 1.581306665217821], [41000.0, 1.5675845528884693], [42000.0, 1.566168262725239], [43000.0, 1.5796829699056212], [44000.0, 1.6161420523684824], [45000.0, 1.5692201520611668], [46000.0, 1.5057549745670096], [47000.0, 1.477852419351691], [48000.0, 1.5120525445116488], [49000.0, 1.4864629829805192], [50000.0, 1.5186795926755066], [51000.0, 1.494196554697453], [52000.0, 1.4809179327569537], [53000.0, 1.4424339742693695], [54000.0, 1.4201882929657044], [55000.0, 1.4270006056682307], [56000.0, 1.4058409542203512], [57000.0, 1.431150211433915], [58000.0, 1.4188100347979415], [59000.0, 1.442963825041648], [60000.0, 1.4303052600385353], [61000.0, 1.4286689555667382], [62000.0, 1.4235190521627301], [63000.0, 1.4185128083532303], [64000.0, 1.436721630710577], [65000.0, 1.4144164517554656], [66000.0, 1.3836993041733823], [67000.0, 1.4518340887395644], [68000.0, 1.458270837891117], [69000.0, 1.4570594124657752], [70000.0, 1.4171128889996625]]]}