{"num_selected_arms": 3, "selected_arms": [1, 7, 8], "complexity_value": 1305.5091574615585, "min_min_singular_value": 0.017039484419544955, "result": [[[2000000.0, 0.9982487837441265]], [[2000000.0, 1.4370028404499524]]]}