{"num_selected_arms": 5, "selected_arms": [1, 7, 8, 9, 15], "complexity_value": 2240.1030594517497, "min_min_singular_value": 0.029801913301356904, "result": [[[2000000.0, 1.0262879899209838]], [[2000000.0, 0.7790732215607441]]]}