{"num_selected_arms": 7, "selected_arms": [0, 1, 3, 4, 6, 7, 9], "complexity_value": 63.07903256464266, "min_min_singular_value": 2.354897803108035, "result": [[[20000.0, 2.296128513042546], [21000.0, 2.189027046070963], [22000.0, 2.251841468168913], [23000.0, 2.209042724277426], [24000.0, 2.2460917721127034], [25000.0, 2.2131882969580756], [26000.0, 2.115789479499373], [27000.0, 2.0574943408070276], [28000.0, 1.9764962136728288], [29000.0, 2.036642939758605], [30000.0, 2.0423932995697203], [31000.0, 1.9792262229061701], [32000.0, 1.9768565875378552], [33000.0, 1.9333860676544823], [34000.0, 1.8872722538362645], [35000.0, 1.8796070701677705], [36000.0, 1.7822226783749233], [37000.0, 1.7541193416955732], [38000.0, 1.741893311856789], [39000.0, 1.7349355987204658], [40000.0, 1.6513454039905113], [41000.0, 1.6036992609501168], [42000.0, 1.5572586002775923], [43000.0, 1.5544726399489524], [44000.0, 1.5704044881865085], [45000.0, 1.5761914639231236], [46000.0, 1.5205725139603352], [47000.0, 1.5202960441181859], [48000.0, 1.5095735216516082], [49000.0, 1.4598139908206984], [50000.0, 1.483526271786303], [51000.0, 1.4377633880023117], [52000.0, 1.4180605708329643], [53000.0, 1.39451650169779], [54000.0, 1.3780773693145065], [55000.0, 1.3463382154950811], [56000.0, 1.3043171117973509], [57000.0, 1.2961473835017674], [58000.0, 1.2847958832279185], [59000.0, 1.2609868210081094], [60000.0, 1.288541842348615], [61000.0, 1.262854123159792], [62000.0, 1.2568563138099944], [63000.0, 1.2340617668537148], [64000.0, 1.2375081629378002], [65000.0, 1.1828690569525055], [66000.0, 1.1488211232279417], [67000.0, 1.1176506027998752], [68000.0, 1.1003747626326486], [69000.0, 1.0990192308253965], [70000.0, 1.0482545917951023]], [[20000.0, 1.8847286084375154], [21000.0, 1.7521103500703084], [22000.0, 1.6611604429183975], [23000.0, 1.627991973443641], [24000.0, 1.6181801671985458], [25000.0, 1.6047852727471625], [26000.0, 1.6246431505875365], [27000.0, 1.6032747385517592], [28000.0, 1.5810048484553316], [29000.0, 1.5865504545347497], [30000.0, 1.5494583190408378], [31000.0, 1.522996128623069], [32000.0, 1.5216248889289428], [33000.0, 1.555621265552121], [34000.0, 1.5492068334913809], [35000.0, 1.5289825919149538], [36000.0, 1.5315839691377358], [37000.0, 1.5075781524996303], [38000.0, 1.4713585926437407], [39000.0, 1.4225844277828428], [40000.0, 1.34275875817676], [41000.0, 1.325164167808347], [42000.0, 1.3094823054528308], [43000.0, 1.253153762273452], [44000.0, 1.2419238960329702], [45000.0, 1.2068336066416734], [46000.0, 1.1808876349584345], [47000.0, 1.204603541745989], [48000.0, 1.213042069985361], [49000.0, 1.2156704785480528], [50000.0, 1.2148916331802093], [51000.0, 1.2349671746381332], [52000.0, 1.2137205560251538], [53000.0, 1.2087385763329959], [54000.0, 1.2236240496647286], [55000.0, 1.2111150867700233], [56000.0, 1.2265269084186272], [57000.0, 1.2487798044983622], [58000.0, 1.266055627808612], [59000.0, 1.2549437712394047], [60000.0, 1.21506035496426], [61000.0, 1.21954721038017], [62000.0, 1.2166246044240043], [63000.0, 1.2033937289612417], [64000.0, 1.233730385436962], [65000.0, 1.2229587271847626], [66000.0, 1.2283391073306298], [67000.0, 1.1942258242103079], [68000.0, 1.1854116167236495], [69000.0, 1.1529854718795256], [70000.0, 1.147558089287247]], [[20000.0, 1.812358471435159], [21000.0, 1.7492274528330438], [22000.0, 1.7831652894918544], [23000.0, 1.7476260284063247], [24000.0, 1.7360098763296705], [25000.0, 1.751222317442059], [26000.0, 1.7362754289576068], [27000.0, 1.7023301363508498], [28000.0, 1.6178479179969338], [29000.0, 1.6569017821366683], [30000.0, 1.7290383708387074], [31000.0, 1.7372001497438103], [32000.0, 1.7102244775327295], [33000.0, 1.683653523228603], [34000.0, 1.678405905790579], [35000.0, 1.66976323218264], [36000.0, 1.6891212317170199], [37000.0, 1.7128008670113615], [38000.0, 1.694102226152017], [39000.0, 1.7439686905711218], [40000.0, 1.7592136029591834], [41000.0, 1.7117010837100886], [42000.0, 1.6976001102153326], [43000.0, 1.6112474138824386], [44000.0, 1.6133626461790902], [45000.0, 1.5830382124696545], [46000.0, 1.5654757696676471], [47000.0, 1.5572856857539477], [48000.0, 1.5561197237337718], [49000.0, 1.4993478559583446], [50000.0, 1.5221597803589666], [51000.0, 1.5169399342228727], [52000.0, 1.4942894211583857], [53000.0, 1.4594296212350215], [54000.0, 1.457033819980233], [55000.0, 1.4023794820332696], [56000.0, 1.3600586158867272], [57000.0, 1.3490502541432048], [58000.0, 1.359581474146536], [59000.0, 1.3625723186461518], [60000.0, 1.3253103144018585], [61000.0, 1.3064635325392076], [62000.0, 1.2967661117209237], [63000.0, 1.2676784597994861], [64000.0, 1.2664104513844507], [65000.0, 1.257916203760208], [66000.0, 1.2387294444077446], [67000.0, 1.2384222953786201], [68000.0, 1.2214755246659958], [69000.0, 1.205845675002254], [70000.0, 1.2057832822777221]], [[20000.0, 2.3398517238811554], [21000.0, 2.260956177599479], [22000.0, 2.231529859086718], [23000.0, 2.2084250161714816], [24000.0, 2.10669757397035], [25000.0, 2.1069991068276464], [26000.0, 2.0148326684363767], [27000.0, 2.0768893757859304], [28000.0, 1.9963265760379165], [29000.0, 1.9411434681945114], [30000.0, 1.85731786778539], [31000.0, 1.7585385666905617], [32000.0, 1.669225493727391], [33000.0, 1.684297993942146], [34000.0, 1.667717505717154], [35000.0, 1.6465835853527007], [36000.0, 1.7294153693646956], [37000.0, 1.7214612145331774], [38000.0, 1.7028602218803919], [39000.0, 1.6952935824426416], [40000.0, 1.6414258154220296], [41000.0, 1.5946168088499126], [42000.0, 1.6393763638143153], [43000.0, 1.598834299650342], [44000.0, 1.541500366984237], [45000.0, 1.532770312842664], [46000.0, 1.5358415675566741], [47000.0, 1.49569687896476], [48000.0, 1.4904147882277075], [49000.0, 1.4920065213062577], [50000.0, 1.4667951640976542], [51000.0, 1.4188848038275148], [52000.0, 1.402849478011723], [53000.0, 1.3934934510076216], [54000.0, 1.3768434993886023], [55000.0, 1.3350852466846124], [56000.0, 1.304506680930975], [57000.0, 1.3094518653164948], [58000.0, 1.2970886298416975], [59000.0, 1.2582887394724696], [60000.0, 1.2548491883883715], [61000.0, 1.2045121144413535], [62000.0, 1.1785946864947707], [63000.0, 1.1494554714714444], [64000.0, 1.153008860510594], [65000.0, 1.1369845579254036], [66000.0, 1.1306180290833392], [67000.0, 1.1017580303759638], [68000.0, 1.0851629893230585], [69000.0, 1.065708287975276], [70000.0, 1.0623271062691204]], [[20000.0, 2.231580614225894], [21000.0, 2.2469075701765138], [22000.0, 2.215108172458529], [23000.0, 2.132197071598412], [24000.0, 2.098701307444731], [25000.0, 2.1322922729937623], [26000.0, 2.0526132858434813], [27000.0, 2.0167339042504864], [28000.0, 2.0103527220631463], [29000.0, 1.9550301313675345], [30000.0, 1.8605981360602613], [31000.0, 1.8286341249330493], [32000.0, 1.780041533481894], [33000.0, 1.7880274275802417], [34000.0, 1.7767902482779732], [35000.0, 1.8002158494820808], [36000.0, 1.7205733421022988], [37000.0, 1.7438679350864814], [38000.0, 1.7504433221912878], [39000.0, 1.699516690285163], [40000.0, 1.6508199743010081], [41000.0, 1.5966884725916872], [42000.0, 1.587672928766398], [43000.0, 1.587469730227132], [44000.0, 1.5911027519131815], [45000.0, 1.5523778653538907], [46000.0, 1.5169626531761977], [47000.0, 1.526630343626552], [48000.0, 1.4768254063403747], [49000.0, 1.4476897989559878], [50000.0, 1.4528470230340194], [51000.0, 1.4135563358491767], [52000.0, 1.386621598386347], [53000.0, 1.3709838864100885], [54000.0, 1.3449907397704364], [55000.0, 1.3372661867250133], [56000.0, 1.334460743842828], [57000.0, 1.3551162995753145], [58000.0, 1.2893641909947207], [59000.0, 1.2846675293086662], [60000.0, 1.2635210917550272], [61000.0, 1.2805035138378391], [62000.0, 1.2570366199786163], [63000.0, 1.2366911654331463], [64000.0, 1.2435910911850079], [65000.0, 1.200598408524843], [66000.0, 1.1721815105274176], [67000.0, 1.1478847887129227], [68000.0, 1.174356765362072], [69000.0, 1.1607535566666511], [70000.0, 