{"num_selected_arms": 9, "selected_arms": [0, 1, 3, 4, 5, 6, 7, 8, 9], "complexity_value": 87.3245909202543, "min_min_singular_value": 2.88783472869523, "result": [[[20000.0, 2.4045310608596124], [21000.0, 2.283601907767264], [22000.0, 2.199307532328945], [23000.0, 2.2510927050621143], [24000.0, 2.0773269376791568], [25000.0, 2.0301723157006535], [26000.0, 1.984090315349243], [27000.0, 1.9277117471796084], [28000.0, 1.8527630136021949], [29000.0, 1.8368962795374897], [30000.0, 1.7395875069503528], [31000.0, 1.6866949949720569], [32000.0, 1.6732116092956528], [33000.0, 1.705775778245821], [34000.0, 1.6660355238580653], [35000.0, 1.628103609089535], [36000.0, 1.6022863295759349], [37000.0, 1.592642572445428], [38000.0, 1.5726890574250787], [39000.0, 1.5661993241963559], [40000.0, 1.5928581974325637], [41000.0, 1.5786753305423358], [42000.0, 1.5544655410916255], [43000.0, 1.54833124877079], [44000.0, 1.558972201409942], [45000.0, 1.4687005859859148], [46000.0, 1.4665634225239887], [47000.0, 1.42786904211839], [48000.0, 1.4575108133803254], [49000.0, 1.421481080962853], [50000.0, 1.408509915804997], [51000.0, 1.4095853873270712], [52000.0, 1.3529581026326318], [53000.0, 1.3742984728123837], [54000.0, 1.3408192703086972], [55000.0, 1.310315762210268], [56000.0, 1.2989824847164189], [57000.0, 1.2536248940256882], [58000.0, 1.2207470267050453], [59000.0, 1.1930722590422487], [60000.0, 1.1884872632080432], [61000.0, 1.1965116202989536], [62000.0, 1.2240609086309542], [63000.0, 1.2051008227954272], [64000.0, 1.215285807025034], [65000.0, 1.224981805361792], [66000.0, 1.212052608297315], [67000.0, 1.2100728038540762], [68000.0, 1.1736668743357779], [69000.0, 1.1984044748783524], [70000.0, 1.1681825473455751]], [[20000.0, 1.823817692958078], [21000.0, 1.8057126261211724], [22000.0, 1.7313589282709019], [23000.0, 1.7579268223040112], [24000.0, 1.6837825329214826], [25000.0, 1.7419170810608573], [26000.0, 1.7603538487360186], [27000.0, 1.7112898948043356], [28000.0, 1.6563859430741723], [29000.0, 1.610016520662072], [30000.0, 1.6310487163703695], [31000.0, 1.6015927186286405], [32000.0, 1.5531657291833891], [33000.0, 1.5059366058679875], [34000.0, 1.4911105817184804], [35000.0, 1.3689032377027437], [36000.0, 1.4594631141640821], [37000.0, 1.462630870416746], [38000.0, 1.498014509039975], [39000.0, 1.5011654331709188], [40000.0, 1.5166059945997135], [41000.0, 1.5181426728634666], [42000.0, 1.507448010671867], [43000.0, 1.5591943079788202], [44000.0, 1.4802222915630525], [45000.0, 1.5203074112376607], [46000.0, 1.4662580087805717], [47000.0, 1.4458103697668339], [48000.0, 1.4713080843932993], [49000.0, 1.4926022488743727], [50000.0, 1.5205129702758706], [51000.0, 1.4952819468626555], [52000.0, 1.5190224967858077], [53000.0, 1.4754194571744177], [54000.0, 1.484596482162356], [55000.0, 1.450712704721648], [56000.0, 1.418466875449019], [57000.0, 1.3702423017203864], [58000.0, 1.3735789039839097], [59000.0, 1.3676902101705197], [60000.0, 1.370799600559827], [61000.0, 1.359203503693764], [62000.0, 1.3531542976588646], [63000.0, 1.3434739500357304], [64000.0, 1.357103935387698], [65000.0, 1.378644484318363], [66000.0, 1.3755771169705486], [67000.0, 1.3588399275223475], [68000.0, 1.3640114931344038], [69000.0, 1.3532376942246827], [70000.0, 1.3607829342224809]], [[20000.0, 2.6208245408628366], [21000.0, 2.5532195019438957], [22000.0, 2.436079196075688], [23000.0, 2.4260914033778427], [24000.0, 2.3658114079662114], [25000.0, 2.2783483640869044], [26000.0, 2.2383517014696297], [27000.0, 2.172883150226902], [28000.0, 2.154162148981043], [29000.0, 2.104435146646196], [30000.0, 2.0570616268961266], [31000.0, 1.9392066474057126], [32000.0, 1.908850346851516], [33000.0, 1.9274554238803465], [34000.0, 1.9307130553785652], [35000.0, 1.8721830116300788], [36000.0, 1.8571370456582967], [37000.0, 1.8392298691876268], [38000.0, 1.8795163338669019], [39000.0, 1.8715416971823555], [40000.0, 1.8060860359099085], [41000.0, 1.712384557159212], [42000.0, 1.6400612166387654], [43000.0, 1.5840238950261478], [44000.0, 1.635445641115912], [45000.0, 1.6345631339574496], [46000.0, 1.6299332836590625], [47000.0, 1.6238040611677378], [48000.0, 1.557396827377201], [49000.0, 1.4646621146995469], [50000.0, 1.482855906729441], [51000.0, 1.4602035294014337], [52000.0, 1.4519902079017672], [53000.0, 1.4339682875010997], [54000.0, 1.4356654240589828], [55000.0, 1.3682662474154255], [56000.0, 1.387156984330552], [57000.0, 1.3311443656658504], [58000.0, 1.3156770715294985], [59000.0, 1.2802319099735207], [60000.0, 1.2852730832213302], [61000.0, 1.2387358223580116], [62000.0, 1.246426650237904], [63000.0, 1.1969856030422505], [64000.0, 1.2053280615494781], [65000.0, 1.1939079789771554], [66000.0, 1.187519856391273], [67000.0, 1.1771599499449852], [68000.0, 1.158646937112306], [69000.0, 1.170897802161658], [70000.0, 1.123239763177736]], [[20000.0, 2.527119867743724], [21000.0, 2.446773194410613], [22000.0, 2.381880326560047], [23000.0, 2.3765680570373657], [24000.0, 2.303112110147905], [25000.0, 2.2197456413166403], [26000.0, 2.1628881412533922], [27000.0, 2.071780612054411], [28000.0, 2.0657600802395812], [29000.0, 1.9830312241263577], [30000.0, 1.9694100132552264], [31000.0, 1.914122788112045], [32000.0, 1.8899740271480479], [33000.0, 1.876243920758362], [34000.0, 1.8236095678660904], [35000.0, 1.7982488883119827], [36000.0, 1.761095310230445], [37000.0, 1.7723568756345771], [38000.0, 1.760036360834138], [39000.0, 1.7154451152523573], [40000.0, 1.6632096456456602], [41000.0, 1.632323472645104], [42000.0, 1.5941323003645047], [43000.0, 1.613452111681603], [44000.0, 1.5580330154347495], [45000.0, 1.5579060519236672], [46000.0, 1.5324346423272353], [47000.0, 1.5426616268055175], [48000.0, 1.4555780067690847], [49000.0, 1.4212470578855732], [50000.0, 1.3869776220396988], [51000.0, 1.359804275049868], [52000.0, 1.2953332801909698], [53000.0, 1.2471546955927821], [54000.0, 1.2396594759199275], [55000.0, 1.2765720530560813], [56000.0, 1.2955909943268538], [57000.0, 1.2723246250024671], [58000.0, 1.2685338397955292], [59000.0, 1.2228657235913685], [60000.0, 1.2407117119120161], [61000.0, 1.2311131488874634], [62000.0, 1.1971773049618066], [63000.0, 1.199410322628122], [64000.0, 1.143121531805559], [65000.0, 1.105910848710011], [66000.0, 1.1165684283184258], [67000.0, 1.0803815444319143], [68000.0, 1.088790717628019], [69000.0, 1.0905710554344545], [70000.0, 1.0617179385183029]], [[20000.0, 2.419056369913315], [21000.0, 2.478100257497555], [22000.0, 2.3400844438143995], [23000.0, 2.269032830768557], [24000.0, 2.24988726694025], [25000.0, 2.296114550618852], [26000.0, 2.2179051811003125], [27000.0, 2.123413625638887], [28000.0, 2.064440838608072], [29000.0, 2.0708483243408966], [30000.0, 2.039859080330069], [31000.0, 1.994036880922221], [32000.0, 1.9036124387865088], [33000.0, 1.8908891542009274], [34000.0, 1.867988064399151], [35000.0, 1.8060079283077772], [36000.0, 1.7697929642047057], [37000.0, 1.7356775881959066], [38000.0, 1.7680060952461427], [39000.0, 1.7506301085973557], [40000.0, 1.757368442565275], [41000.0, 1.6986620145594826], [42000.0, 1.6458085150758985], [43000.0, 1.6255691778590426], [44000.0, 1.5990595656069002], [45000.0, 1.5828827890929538], [46000.0, 1.5777125171064081], [47000.0, 1.52439889309341], [48000.0, 1.4771909527672493], [49000.0, 1.473395956969787], [50000.0, 1.4519233766823212], [51000.0, 1.433083130492807], [52000.0, 1.4335184609142897], [53000.0, 1.4316348816541016], [54000.0, 1.452283472932869], [55000.0, 1.4706279589275848], [56000.0, 1.4578051253467563], [57000.0, 1.3824162635470474], [58000.0, 1.4169945292713522], [59000.0, 1.4359786127010392], [60000.0, 1.4576991565219426], [61000.0, 1.4219390155953253], [62000.0, 1.4136971279304125], [63000.0, 1.4242965903230198], [64000.0, 1.396465336657447], [65000.0, 1.3598924456669943], [66000.0, 1.3668339687127535], [67000.0, 1.3844639713931948], [68000.0, 1.3786350988516802], [69000.0, 1.3861816210033504], [70000.0, 1.3762854372734539]],