{"num_selected_arms": 1, "selected_arms": [6], "complexity_value": 10136.768890376783, "result": [[[5000.0, 115.3936301340568], [5500.0, 131.78216143985424], [6000.0, 109.22055673842998], [6500.0, 65.39765572919794], [7000.0, 67.2045522766052], [7500.0, 53.61851056393411], [8000.0, 57.014807741954634], [8500.0, 53.44689659470296], [9000.0, 44.6886904523104], [9500.0, 40.237075720935316], [10000.0, 43.79148998974203], [10500.0, 49.94384755069781], [11000.0, 53.52721996735487], [11500.0, 59.67568071748951], [12000.0, 62.9015741595139], [12500.0, 50.31988129408956], [13000.0, 48.15933885720604], [13500.0, 48.47560605724618], [14000.0, 49.43527449767394], [14500.0, 43.822574325102835], [15000.0, 36.107475354016245], [15500.0, 27.333049579398583], [16000.0, 32.906345911193036], [16500.0, 32.2494050829681], [17000.0, 33.457355458261944], [17500.0, 35.59369791507448], [18000.0, 23.235486468872438], [18500.0, 27.04184501353908], [19000.0, 27.714128538550053], [19500.0, 22.3222050315967], [20000.0, 23.172182231940578], [20500.0, 24.537997451980228], [21000.0, 22.687086514461406], [21500.0, 23.34748276584539], [22000.0, 16.147290983031215], [22500.0, 11.285707097412013], [23000.0, 12.855552287426514], [23500.0, 12.379662960533453], [24000.0, 12.493018745955245], [24500.0, 15.522892788782126], [25000.0, 15.893497012604122], [25500.0, 18.33385399155632], [26000.0, 20.189458853183563], [26500.0, 21.238267031807528], [27000.0, 23.068036226432998], [27500.0, 24.762407276924527], [28000.0, 25.378627681005426], [28500.0, 20.430958975297493], [29000.0, 20.726954810177926], [29500.0, 21.551888250281486], [30000.0, 22.56071887932833]]]}