{"num_selected_arms": 2, "selected_arms": [1, 3], "complexity_value": 12.255959127758471, "result": [[[5000.0, 0.5592864829730086], [5500.0, 0.5705244897367108], [6000.0, 0.5171577722345022], [6500.0, 0.5039972087395379], [7000.0, 0.36587634929230806], [7500.0, 0.3803158402588538], [8000.0, 0.3498517140746841], [8500.0, 0.4007635997245656], [9000.0, 0.41458764650156665], [9500.0, 0.3956516108377318], [10000.0, 0.3313669280762104], [10500.0, 0.33202044053602114], [11000.0, 0.37062901714124885], [11500.0, 0.3273970730108461], [12000.0, 0.351283302031706], [12500.0, 0.3630081774052305], [13000.0, 0.3516970225293842], [13500.0, 0.3779289620483949], [14000.0, 0.35098939115625316], [14500.0, 0.356611368796555], [15000.0, 0.3647093860031205], [15500.0, 0.3764409317346543], [16000.0, 0.38697105977827007], [16500.0, 0.36432092564627944], [17000.0, 0.34634029544655864], [17500.0, 0.3290263984420605], [18000.0, 0.2916446114984538], [18500.0, 0.31613263052735674], [19000.0, 0.31094103482050317], [19500.0, 0.2895583496681449], [20000.0, 0.26937147100618963], [20500.0, 0.2843902501981579], [21000.0, 0.2739045042690771], [21500.0, 0.2840514054670704], [22000.0, 0.2885429658358104], [22500.0, 0.2938381460127232], [23000.0, 0.27144303584245755], [23500.0, 0.2859586861438911], [24000.0, 0.29500395338163055], [24500.0, 0.2788203407667008], [25000.0, 0.277152761547064], [25500.0, 0.2853596347300904], [26000.0, 0.27157680432589315], [26500.0, 0.260618518258636], [27000.0, 0.2517679804299333], [27500.0, 0.24264815604180567], [28000.0, 0.21888549281532638], [28500.0, 0.21876692334184888], [29000.0, 0.2271707269320165], [29500.0, 0.2281593475907101], [30000.0, 0.21093870994663372]]]}